frame,occluded,err_bx,err_by,err_py,err_vis,h_norm,belief_update_mag,weight_updates,hit_ratio,total_hits,total_misses,gravity,bounce,ball_speed
0,0,0.0,0.0,0.0,0.0,6.256572,6.256572,0,0.0,0,0,0.0,1.0,5.0
100,0,0.417786,0.466618,0.082216,0.067226,5.838243,0.049571,0,0.0,0,0,0.0,1.0,5.0
200,0,0.120962,0.209867,0.060646,0.093304,5.866289,0.090387,1,0.0,0,0,0.0,1.0,5.0
300,0,0.184546,0.11304,0.009699,0.003185,6.092064,0.048152,4,0.0,0,0,0.0,1.0,5.0
400,0,0.20246,0.256319,0.003314,0.003184,5.995137,0.042347,7,0.0,0,0,0.0,1.0,5.0
500,0,0.250334,0.239926,0.021504,0.020971,5.984908,0.04237,11,0.0,0,0,0.0,1.0,5.0
600,0,0.20245,0.323412,0.069752,0.070003,6.012387,0.058092,14,0.0,0,0,0.0,1.0,5.0
700,0,0.229711,0.213066,0.059731,0.049187,5.950644,0.040002,17,0.0,0,0,0.0,1.0,5.0
800,0,0.147109,0.534601,0.050148,0.038391,5.913762,0.035982,21,0.0,0,0,0.0,1.0,5.0
900,0,0.380636,0.163365,0.012404,0.057407,6.036883,0.074123,24,0.0,0,0,0.0,1.0,5.0
1000,0,0.410262,0.347354,0.013951,0.010044,5.94675,0.032472,27,0.0,0,0,0.0,1.0,5.0
1100,0,0.070263,0.214572,0.025216,0.020325,5.944735,0.044893,31,0.0,0,0,0.0,1.0,5.0
1200,0,0.223132,0.174839,0.036771,0.012309,6.178146,0.068311,34,1.0,1,0,0.0,1.0,5.0
1300,0,0.210315,0.470913,0.022792,0.010642,6.13226,0.038787,37,1.0,1,0,0.0,1.0,5.0
1400,0,0.067445,0.12193,0.034768,0.021055,5.996279,0.049121,41,1.0,1,0,0.0,1.0,5.0
1500,0,0.345419,0.260721,0.003569,0.060802,6.253874,0.04007,44,1.0,1,0,0.0,1.0,5.0
1600,0,0.205033,0.000887,0.017595,0.066272,6.334665,0.043493,47,1.0,1,0,0.0,1.0,5.0
1700,0,0.224425,0.053954,0.002982,0.023748,5.997485,0.04963,50,1.0,1,0,0.0,1.0,5.0
1800,0,0.005173,0.071635,0.003062,0.02144,5.93969,0.07355,53,1.0,1,0,0.0,1.0,5.0
1900,0,0.011503,0.099043,0.01223,0.007017,5.996272,0.143887,57,0.0,0,0,0.0,1.0,5.0
2000,0,0.2367,0.343254,0.029767,0.023834,6.354221,0.029947,60,0.0,0,0,0.0,1.0,5.0
2100,0,0.106404,0.049088,0.015512,0.010136,6.001567,0.144896,63,0.0,0,0,0.0,1.0,5.0
2200,0,0.048423,0.071039,0.014394,0.015455,5.98795,0.151873,67,0.0,0,0,0.0,1.0,5.0
2300,0,0.24073,0.344116,0.001397,0.034251,6.253407,0.036116,70,0.0,0,0,0.0,1.0,5.0
2400,0,0.002407,0.180815,0.01766,0.016043,6.220495,0.071953,73,0.0,0,0,0.0,1.0,5.0
2500,0,0.074009,0.089735,0.013484,0.001758,6.008822,0.116375,77,0.0,0,0,0.0,1.0,5.0
2600,0,0.125016,0.361319,0.046043,0.05174,6.544309,0.052254,80,0.0,0,0,0.0,1.0,5.0
2700,0,0.135761,0.08717,0.041635,0.047506,6.146602,0.079056,83,0.0,0,0,0.0,1.0,5.0
2800,0,0.004299,0.19449,0.023827,0.037452,6.18713,0.082201,87,1.0,1,0,0.0,1.0,5.0
2900,0,0.250364,0.225042,0.029487,0.067754,6.335393,0.062566,90,1.0,1,0,0.0,1.0,5.0
3000,0,0.022737,0.059115,0.051917,0.05575,6.08473,0.095095,93,1.0,1,0,0.0,1.0,5.0
3100,0,0.03897,0.006774,0.008907,0.03076,6.151701,1.022356,97,0.0,0,0,0.0,1.0,5.0
3200,0,0.095904,0.095296,0.075418,0.133294,6.386841,0.05784,100,0.0,0,0,0.0,1.0,5.0
3300,0,0.184792,0.285419,0.046104,0.048911,6.499864,0.041755,103,0.0,0,0,0.0,1.0,5.0
3400,0,0.204435,0.003262,0.030837,0.078991,6.485997,0.044198,107,1.0,1,0,0.0,1.0,5.0
3500,0,0.104208,0.070736,0.075445,0.11195,6.344846,0.069148,110,1.0,1,0,0.0,1.0,5.0
3600,0,0.037801,0.022719,0.077778,0.112463,6.36472,0.073468,113,1.0,1,0,0.0,1.0,5.0
3700,0,0.273329,0.206722,0.019511,0.071262,6.479089,0.037385,117,1.0,1,0,0.0,1.0,5.0
3800,0,0.231786,0.196279,0.073099,0.128811,6.570766,0.038436,120,0.0,0,0,0.0,1.0,5.0
3900,0,0.078601,0.140341,0.012923,0.025241,6.319027,0.5001,123,0.0,0,0,0.0,1.0,5.0
4000,0,0.256018,0.11724,0.075284,0.072275,6.396875,0.078562,127,0.0,0,0,0.0,1.0,5.0
4100,0,0.08023,0.108988,0.048755,0.065061,6.384102,0.186555,130,1.0,1,0,0.0,1.0,5.0
4200,0,0.128251,0.087449,0.027656,0.038761,6.527137,0.066612,133,1.0,1,0,0.0,1.0,5.0
4300,0,0.046526,0.25076,0.078699,0.067293,6.513696,0.052642,137,1.0,1,0,0.0,1.0,5.0
4400,0,0.07342,0.040201,0.00784,0.013766,6.56447,0.083229,140,1.0,1,0,0.0,1.0,5.0
4500,0,0.042169,0.10828,0.040747,0.073819,6.60132,0.054425,143,0.0,0,0,0.0,1.0,5.0
4600,0,0.021119,0.143774,0.039906,0.03093,6.308618,0.406741,146,0.0,0,0,0.0,1.0,5.0
4700,0,0.188572,0.247559,0.075473,0.053746,6.527815,0.070274,150,0.0,0,0,0.0,1.0,5.0
4800,0,0.059514,0.052137,0.056357,0.045103,6.578726,0.067278,153,0.0,0,0,0.0,1.0,5.0
4900,0,0.103211,0.089326,0.055295,0.050801,6.686294,0.051036,156,0.0,0,0,0.0,1.0,5.0
5000,0,0.034058,0.058004,0.042943,0.062579,6.467999,0.098352,160,0.0,0,0,0.0,1.0,5.0
5100,0,0.072043,0.128911,0.008166,0.00778,6.458582,0.084815,163,0.0,0,0,0.0,1.0,5.0
5200,0,0.1296,0.08645,0.027448,0.045158,6.536707,0.079942,166,0.0,0,0,0.0,1.0,5.0
5300,0,0.044375,0.04278,0.01816,0.020764,6.436382,0.070508,169,0.0,0,0,0.0,1.0,5.0
5400,0,0.079353,0.109549,0.033534,0.0117,6.368204,0.246378,172,0.0,0,0,0.0,1.0,5.0
5500,0,0.084415,0.069646,0.028291,0.005471,6.450607,0.075545,175,0.0,0,0,0.0,1.0,5.0
5600,0,0.116989,0.018572,0.007303,0.060412,6.597439,0.045329,178,1.0,1,0,0.0,1.0,5.0
5700,0,0.036565,0.027489,0.001293,0.021632,6.391512,0.076019,182,1.0,1,0,0.0,1.0,5.0
5800,0,0.065796,0.004092,0.00217,0.012408,6.346574,0.074047,185,1.0,1,0,0.0,1.0,5.0
5900,0,0.096749,0.069594,0.000579,0.002352,6.578078,0.060632,188,1.0,2,0,0.0,1.0,5.0
6000,0,0.017994,0.087106,0.002639,0.020807,6.260462,0.097737,190,1.0,2,0,0.0,1.0,5.0
6100,0,0.000836,0.058396,0.001787,0.01024,6.136706,0.094365,193,1.0,2,0,0.0,1.0,5.0
6200,0,0.050664,0.017786,0.017465,0.017237,6.498797,0.070417,196,1.0,3,0,0.0,1.0,5.0
6300,0,0.018077,0.036133,0.00878,0.000825,6.362844,0.061391,196,1.0,3,0,0.0,1.0,5.0
6400,0,0.0299,0.010887,0.011045,0.023811,6.227129,0.084677,198,1.0,3,0,0.007255,0.936626,5.0226
6500,0,0.061454,0.002893,0.021282,0.007469,6.552124,0.049422,199,1.0,4,0,0.007255,0.936626,5.0226
6600,0,0.019861,0.037672,0.000636,0.005931,6.224737,0.059079,201,1.0,4,0,0.007255,0.936626,5.0226
6700,0,0.148133,0.236531,0.020658,0.071857,6.692829,0.019056,204,1.0,4,0,0.007255,0.936626,5.0226
6800,0,0.044819,0.021193,0.01999,0.044264,6.500911,0.038628,208,1.0,4,0,0.007255,0.936626,5.0226
6900,0,0.009065,0.033113,0.012507,0.01739,6.464702,0.026904,209,1.0,4,0,0.007255,0.936626,5.0226
7000,0,0.044047,0.0328,0.009614,0.018075,6.657118,0.021104,210,1.0,4,0,0.007255,0.936626,5.0226
7100,0,0.200031,0.194171,0.005515,0.005929,6.702528,0.013658,213,1.0,4,0,0.007255,0.936626,5.0226
7200,0,0.05597,0.021985,0.016399,0.011403,6.606359,0.04391,216,0.0,0,0,0.007255,0.936626,5.0226
7300,0,0.055885,0.068082,0.008506,0.029447,6.10469,0.163413,219,0.0,0,0,0.009794,0.989493,6.9508
7400,0,0.070022,0.007556,0.016897,0.006712,6.751773,0.02869,222,1.0,1,0,0.009794,0.989493,6.9508
7500,0,0.082893,0.144114,0.019925,0.046648,6.662188,0.088578,226,1.0,1,0,0.009794,0.989493,6.9508
7600,0,0.03616,0.181048,0.002506,0.010118,6.170789,0.056225,229,1.0,1,0,0.045011,1.083173,4.8774
7700,0,0.103693,0.06073,0.030863,0.086396,6.65416,0.072458,232,1.0,1,0,0.045011,1.083173,4.8774
7800,0,0.021334,0.007686,0.007454,0.062239,6.383183,0.354771,236,1.0,1,0,0.045011,1.083173,4.8774
7900,0,0.058689,0.09718,0.018322,0.04523,6.551487,0.045402,239,1.0,1,0,0.045011,1.083173,4.8774
8000,0,0.082761,0.076775,0.000556,0.017076,6.667308,0.040333,242,1.0,1,0,0.045011,1.083173,4.8774
8100,0,0.002293,0.072437,0.037023,0.054035,6.238698,0.1098,246,0.0,0,0,0.045011,1.083173,4.8774
8200,0,0.008212,0.000507,0.027005,0.045218,6.35688,0.060767,249,0.0,0,0,0.045011,1.083173,4.8774
8300,0,0.189213,0.070137,0.006929,0.011894,6.576182,0.088468,252,1.0,1,0,0.045011,1.083173,4.8774
8400,0,0.015186,0.110566,0.017904,0.021278,6.474624,0.077918,256,1.0,1,0,0.045011,1.083173,4.8774
8500,0,0.095691,0.145103,0.12123,0.004534,6.245624,0.980067,259,0.0,0,0,0.045011,1.083173,4.8774
8600,0,0.060852,0.114926,0.024263,0.029356,6.43359,0.06363,262,1.0,1,0,0.045011,1.083173,4.8774
8700,0,0.085943,0.043417,0.02412,0.040465,6.210345,0.155456,266,1.0,1,0,0.045011,1.083173,4.8774
8800,0,0.047735,0.064284,0.041409,0.023466,6.278564,0.068145,269,1.0,1,0,0.045011,1.083173,4.8774
8900,0,0.003254,0.005851,0.054378,0.046578,6.446218,0.10528,272,1.0,2,0,0.045011,1.083173,4.8774
9000,0,0.017358,0.148258,0.014965,0.042528,6.477055,0.13522,276,1.0,2,0,0.045011,1.083173,4.8774
9100,0,0.018169,0.205303,0.003904,0.016894,6.28765,0.083014,279,1.0,2,0,0.045011,1.083173,4.8774
9200,0,0.045147,0.032029,0.003716,0.022023,6.290061,0.062752,282,0.0,0,0,0.045011,1.083173,4.8774
9300,0,0.003618,0.075913,0.009854,0.02238,6.574866,0.094156,285,1.0,1,0,0.045011,1.083173,4.8774
9400,0,0.020327,0.014886,0.034187,0.051411,6.171947,0.100268,288,1.0,1,0,0.045011,1.083173,4.8774
9500,0,0.038037,0.047289,0.007531,0.0247,6.445026,0.101035,291,1.0,2,0,0.045011,1.083173,4.8774
9600,0,0.076697,0.049209,0.032522,0.011567,6.493465,0.11253,294,1.0,2,0,0.045011,1.083173,4.8774
9700,0,0.052169,0.085457,0.022507,3.2e-05,6.514501,0.070766,297,1.0,2,0,0.045011,1.083173,4.8774
9800,0,0.020532,0.053691,0.010898,0.017172,6.363748,0.086626,301,1.0,1,0,0.045011,1.083173,4.8774
9900,0,0.021191,0.018035,0.014667,0.027086,6.275949,0.182974,303,1.0,1,0,0.045011,1.083173,4.8774
10000,0,0.01669,0.029423,0.016457,0.017602,6.188844,0.068469,306,1.0,1,0,0.045011,1.083173,4.8774
10100,0,0.018395,0.041074,0.03001,0.05221,6.134698,0.113859,309,1.0,2,0,0.045011,1.083173,4.8774
10200,0,0.006154,0.056639,0.030509,0.030643,6.359612,0.17062,312,1.0,2,0,0.045011,1.083173,4.8774
10300,0,0.36467,0.058834,0.069123,0.056353,6.288374,2.945572,315,0.0,0,0,0.045011,1.083173,4.8774
10400,0,0.102158,0.113073,0.007561,0.022778,6.661504,0.114803,319,0.0,0,0,0.045011,1.083173,4.8774
10500,0,0.009449,0.069228,0.016237,0.03254,6.201932,0.046962,321,0.0,0,0,0.045011,1.083173,4.8774
10600,0,0.024645,0.033474,0.015201,0.046602,5.921009,0.429301,324,0.0,0,0,0.045011,1.083173,4.8774
10700,0,0.016331,0.066577,0.024598,0.021903,6.383325,0.182073,327,0.0,0,0,0.045011,1.083173,4.8774
10800,0,0.012547,0.026232,0.031642,0.025801,6.296043,0.058701,331,0.0,0,0,0.045011,1.083173,4.8774
10900,0,0.007791,0.096189,0.001574,0.018484,5.919434,0.128662,334,1.0,1,0,0.045011,1.083173,4.8774
11000,0,0.042147,0.080562,0.018823,0.0172,6.480196,0.115183,337,1.0,1,0,0.045011,1.083173,4.8774
11100,0,0.103457,0.108415,0.002238,0.00843,6.535028,0.064667,340,1.0,1,0,0.045011,1.083173,4.8774
11200,0,0.116986,0.042009,0.0166,0.042059,6.75271,0.08736,343,0.0,0,0,0.045011,1.083173,4.8774
11300,0,0.009341,0.044094,0.019456,0.015566,6.088013,0.098049,347,0.0,0,0,0.045011,1.083173,4.8774
11400,0,0.029961,0.041106,0.01245,0.011917,5.987848,0.19649,349,1.0,1,0,0.045011,1.083173,4.8774
11500,0,0.02009,0.131573,0.005133,0.006953,6.49603,0.142187,352,1.0,1,0,0.045011,1.083173,4.8774
11600,0,0.043816,0.103623,0.003072,0.003244,6.244628,0.083907,355,1.0,1,0,0.045011,1.083173,4.8774
11700,0,0.030435,0.030836,0.007449,0.016653,6.22753,0.078222,358,0.0,0,0,0.045011,1.083173,4.8774
11800,0,0.023101,0.000174,0.022448,0.029961,6.245471,0.123018,359,1.0,1,0,0.045011,1.083173,4.8774
11900,0,0.034309,0.014638,0.014419,0.005676,6.534788,0.070187,361,1.0,1,0,0.045011,1.083173,4.8774
12000,0,0.00088,0.003129,0.014496,0.011439,6.187942,0.076052,361,1.0,1,0,0.045011,1.083173,4.8774
12100,0,0.000964,0.092249,0.022687,0.029789,6.172273,0.136448,364,1.0,2,0,0.045011,1.083173,4.8774
12200,0,0.056303,0.045236,0.006107,0.006678,6.663113,0.068112,367,1.0,2,0,0.045011,1.083173,4.8774
12300,0,0.092906,0.14343,0.011703,0.006484,6.569148,0.078623,370,1.0,2,0,0.045011,1.083173,4.8774
12400,0,0.097352,0.142109,0.001748,0.005228,6.715663,0.100928,374,0.0,0,0,0.045011,1.083173,4.8774
12500,0,0.003791,0.071548,0.025363,0.030398,6.029402,1.207595,377,0.0,0,0,0.045011,1.083173,4.8774
12600,0,0.020629,0.001877,0.012232,0.029273,6.046183,0.323637,380,0.0,0,0,0.045011,1.083173,4.8774
12700,0,0.019499,0.052615,0.011778,0.024293,6.332252,0.126844,382,0.0,0,0,0.045011,1.083173,4.8774
12800,0,0.023411,0.13111,0.021888,0.020331,6.386229,0.072374,385,0.0,0,0,0.045011,1.083173,4.8774
12900,0,0.053913,0.064546,0.002751,0.002607,6.469123,0.098359,389,0.0,0,0,0.045011,1.083173,4.8774
13000,0,0.024149,0.11872,0.004107,0.020393,6.150683,0.080538,391,0.0,0,0,0.045011,1.083173,4.8774
13100,0,0.016258,0.017631,0.016492,0.049788,6.286139,0.085664,395,0.0,0,0,0.045011,1.083173,4.8774
13200,0,0.025966,0.015057,0.012204,0.044555,6.00762,0.088694,398,0.0,0,0,0.045011,1.083173,4.8774
13300,0,0.010998,0.0647,0.011685,0.021836,5.965682,0.063557,400,1.0,1,0,0.045011,1.083173,4.8774
13400,0,0.005694,0.101513,0.00434,0.004773,6.270042,0.150022,403,1.0,1,0,0.045011,1.083173,4.8774
13500,0,0.000282,0.014642,0.008841,0.018737,6.214344,0.128366,404,1.0,2,0,0.045011,1.083173,4.8774
13600,0,0.055788,0.008151,0.000652,0.006035,6.575275,0.08931,407,1.0,2,0,0.045011,1.083173,4.8774
13700,0,0.019246,0.00088,0.016526,0.023894,5.943151,1.764295,409,0.0,0,0,0.045011,1.083173,4.8774
13800,0,0.028542,0.050277,0.018645,0.033344,6.38906,0.089051,412,0.0,0,0,0.045011,1.083173,4.8774
13900,0,0.018132,0.046135,0.011366,0.018677,6.247349,0.11381,415,0.0,0,0,0.045011,1.083173,4.8774
14000,0,0.00947,0.074488,0.001912,0.001697,6.102753,0.075257,419,0.0,0,0,0.045011,1.083173,4.8774
14100,0,0.00489,0.087272,0.009621,0.024028,5.937632,0.081899,421,1.0,1,0,0.045011,1.083173,4.8774
14200,0,0.047662,0.085576,0.023381,0.050466,6.210382,0.136158,425,1.0,1,0,0.045011,1.083173,4.8774
14300,0,0.043432,0.13511,0.013781,0.018314,6.576981,0.090749,428,1.0,1,0,0.045011,1.083173,4.8774
14400,0,0.022358,0.070514,0.012833,0.024191,6.144483,0.078589,431,1.0,1,0,0.045011,1.083173,4.8774
14500,0,0.003972,0.060531,0.021534,0.031358,6.201752,0.094359,435,1.0,1,0,0.045011,1.083173,4.8774
14600,0,0.007442,0.057678,0.013913,0.030851,5.91573,0.068806,438,1.0,1,0,0.045011,1.083173,4.8774
14700,0,0.008921,0.053406,0.012762,0.030478,5.984659,0.150386,441,1.0,2,0,0.045011,1.083173,4.8774
14800,0,0.003493,0.024918,0.024125,0.032193,6.00284,0.073622,444,1.0,2,0,0.045011,1.083173,4.8774
14900,0,0.011189,0.083437,0.033256,0.061277,5.926984,0.06742,448,0.0,0,0,0.045011,1.083173,4.8774
15000,0,0.009034,0.085516,0.016634,0.033063,6.040021,0.076488,451,0.0,0,0,0.045011,1.083173,4.8774
15100,0,0.005162,0.086543,8.5e-05,0.006038,5.770709,0.088445,454,1.0,1,0,0.045011,1.083173,4.8774
15200,0,0.015027,0.042554,0.016193,0.047343,6.001204,0.102749,458,1.0,1,0,0.045011,1.083173,4.8774
15300,0,0.090556,0.104325,0.00844,0.014285,6.692193,0.088579,461,1.0,1,0,0.045011,1.083173,4.8774
15400,0,0.00306,0.106922,0.005676,0.006619,6.529316,0.089036,464,1.0,1,0,0.045011,1.083173,4.8774
15500,0,0.021325,0.054935,0.018005,0.030302,6.448015,0.076785,468,1.0,1,0,0.045011,1.083173,4.8774
15600,0,0.009363,0.10897,0.000904,0.020515,5.809242,0.079206,471,1.0,1,0,0.045011,1.083173,4.8774
15700,0,0.003416,0.112879,0.032931,0.043136,6.001603,0.079752,474,0.0,0,0,0.045011,1.083173,4.8774
15800,0,0.017517,0.04255,0.028605,0.030453,5.814981,0.059442,478,0.0,0,0,0.045011,1.083173,4.8774
15900,0,0.040015,0.033885,0.023224,0.035541,5.919305,0.062257,480,1.0,1,0,0.045011,1.083173,4.8774
16000,0,0.098515,0.0268,0.027806,0.05989,6.600779,0.113709,484,1.0,1,0,0.045011,1.083173,4.8774
16100,0,0.025924,0.108871,0.002865,0.003487,5.876874,0.058195,487,1.0,1,0,0.045011,1.083173,4.8774
16200,0,0.004691,0.118018,0.005928,0.022242,6.003447,0.050676,490,0.0,0,0,0.045011,1.083173,4.8774
16300,0,0.019018,0.067903,0.011257,0.005764,5.816044,0.115515,494,0.0,0,0,0.045011,1.083173,4.8774
16400,0,0.034144,0.010395,0.039709,0.062891,5.940145,0.0639,497,0.0,0,0,0.045011,1.083173,4.8774
16500,0,0.004918,0.010078,0.037536,0.059504,6.085103,0.042956,500,1.0,1,0,0.045011,1.083173,4.8774
16600,0,0.004815,0.074469,0.016047,0.038021,5.795144,0.14424,504,1.0,1,0,0.045011,1.083173,4.8774
16700,0,0.043551,0.089314,0.028976,0.030427,6.063616,0.091256,507,1.0,1,0,0.045011,1.083173,4.8774
16800,0,0.047214,0.118172,0.024121,0.015977,6.630252,0.049868,510,1.0,2,0,0.045011,1.083173,4.8774
16900,0,0.011802,0.133345,0.00411,0.002467,5.467074,0.257753,514,1.0,2,0,0.045011,1.083173,4.8774
17000,0,0.006038,0.103666,0.053241,0.005923,6.042779,0.183224,517,1.0,3,0,0.045011,1.083173,4.8774
17100,0,0.004395,0.042715,0.006195,0.016148,5.798527,0.798308,520,1.0,3,0,0.045011,1.083173,4.8774
17200,0,0.023,0.037701,0.130162,0.006122,6.106128,0.20354,523,1.0,4,0,0.045011,1.083173,4.8774
17300,0,0.032968,0.053177,0.110486,0.030665,6.509175,0.169057,526,1.0,4,0,0.045011,1.083173,4.8774
17400,0,0.012385,0.076671,0.038881,0.028379,6.253115,0.433465,529,0.0,0,0,0.045011,1.083173,4.8774
17500,0,0.012179,0.070899,0.00082,0.010587,5.692394,0.078296,533,0.0,0,0,0.045011,1.083173,4.8774
17600,0,0.01688,0.031749,0.01731,0.002699,5.629658,0.061388,535,1.0,1,0,0.045011,1.083173,4.8774
17700,0,0.003824,0.017521,0.015069,0.013818,6.627461,0.101402,538,1.0,1,0,0.045011,1.083173,4.8774
17800,0,0.030959,0.002793,0.030123,0.006613,6.022052,0.11257,540,1.0,2,0,0.045011,1.083173,4.8774
17900,0,0.029829,0.010078,0.008644,0.008732,6.399314,0.129759,543,1.0,2,0,0.045011,1.083173,4.8774
18000,0,0.002503,0.034644,0.018311,0.014484,5.937948,0.117846,545,1.0,3,0,0.045011,1.083173,4.8774
18100,0,0.001165,0.006277,0.01044,0.001889,6.303608,0.117012,548,1.0,3,0,0.045011,1.083173,4.8774
18200,0,0.013163,0.046342,0.01414,0.00682,5.647797,0.122929,550,1.0,4,0,0.045011,1.083173,4.8774
18300,0,0.031569,0.012456,0.013298,0.012743,5.779468,0.150852,552,1.0,5,0,0.045011,1.083173,4.8774
18400,0,0.140562,0.14179,0.000701,0.013737,6.458834,0.144787,554,1.0,5,0,0.045011,1.083173,4.8774
18500,0,0.048148,0.058633,0.02514,0.023978,6.333087,0.105075,556,0.0,0,0,0.045011,1.083173,4.8774
18600,0,0.002411,0.05587,0.010382,0.007695,6.394603,0.1035,560,0.0,0,0,0.045011,1.083173,4.8774
18700,0,0.008447,0.027938,0.008347,0.011294,5.886387,0.060596,561,1.0,1,0,0.045011,1.083173,4.8774
18800,0,0.01197,0.037026,0.002403,0.002695,5.847499,0.068031,561,1.0,1,0,0.045011,1.083173,4.8774
18900,0,0.006334,0.015512,0.000864,0.005471,6.29251,0.151137,564,1.0,1,0,0.045011,1.083173,4.8774
19000,0,0.011319,0.038678,0.009528,0.000639,6.048508,0.073776,565,1.0,2,0,0.045011,1.083173,4.8774
19100,0,0.0907,0.044373,0.039307,0.037757,6.696821,0.084912,569,1.0,2,0,0.045011,1.083173,4.8774
19200,0,0.001591,0.086061,0.010626,0.010277,6.126359,0.108491,572,1.0,2,0,0.045011,1.083173,4.8774
19300,0,0.011826,0.094269,0.022364,0.020822,6.147683,0.055556,575,0.0,0,0,0.045011,1.083173,4.8774
19400,0,0.005422,0.055494,0.010713,0.004495,5.573842,0.087392,579,0.0,0,0,0.045011,1.083173,4.8774
19500,0,0.013934,0.031363,0.018958,0.016019,5.889022,0.060291,580,0.0,0,0,0.045011,1.083173,4.8774
19600,0,0.027231,0.01745,0.001336,0.001251,6.120162,0.044991,581,1.0,1,0,0.045011,1.083173,4.8774
19700,0,0.023356,0.00244,0.006886,0.006697,5.997455,0.173776,582,1.0,1,0,0.045011,1.083173,4.8774
19800,0,0.027824,0.003446,0.024352,0.024353,5.71311,0.067967,583,1.0,1,0,0.045011,1.083173,4.8774
19900,0,0.005326,0.044198,0.024807,0.026706,5.874053,0.105422,586,0.0,0,0,0.045011,1.083173,4.8774
20000,0,0.022242,0.085627,0.003441,0.006682,5.746269,0.079673,589,1.0,1,0,0.045011,1.083173,4.8774
20100,0,0.021837,0.120702,0.011396,0.000168,5.512648,0.673244,592,1.0,1,0,0.045011,1.083173,4.8774
20200,0,0.006343,0.004427,0.00579,0.009887,6.325141,0.102626,595,1.0,2,0,0.045011,1.083173,4.8774
20300,0,0.002268,0.023517,0.003377,0.005148,6.326731,0.139794,598,1.0,2,0,0.045011,1.083173,4.8774
20400,0,0.000617,0.009722,0.00716,0.023465,5.966952,0.128707,600,1.0,3,0,0.045011,1.083173,4.8774
20500,0,0.013113,0.037075,0.01768,0.016289,6.216946,0.159345,601,1.0,3,0,0.045011,1.083173,4.8774
20600,0,0.011487,0.028049,0.008098,0.012581,5.850688,0.110295,603,1.0,4,0,0.045011,1.083173,4.8774
20700,0,0.009513,0.047172,0.007407,0.01106,5.777606,0.114561,604,1.0,4,0,0.045011,1.083173,4.8774
20800,0,0.013072,0.088932,0.002185,0.003334,5.871299,0.154965,608,1.0,5,0,0.045011,1.083173,4.8774
20900,0,0.02918,0.063538,0.002207,0.003305,6.702087,0.188934,611,1.0,6,0,0.045011,1.083173,4.8774
21000,0,0.006105,0.041968,0.008698,0.039136,5.658612,0.173951,614,0.0,0,0,0.045011,1.083173,4.8774
21100,0,0.01948,0.014048,0.003647,0.022497,5.802445,0.080998,617,0.0,0,0,0.045011,1.083173,4.8774
21200,0,0.027629,0.042183,0.019466,0.034454,5.721833,0.059155,619,1.0,1,0,0.045011,1.083173,4.8774
21300,0,0.01102,0.039714,0.003913,0.015077,6.016378,0.137254,622,1.0,1,0,0.045011,1.083173,4.8774
21400,0,0.04188,0.077442,0.006777,0.018658,5.958507,0.065434,625,1.0,1,0,0.045011,1.083173,4.8774
21500,0,0.012579,0.030987,0.018276,0.028368,5.894779,0.05996,628,1.0,1,0,0.045011,1.083173,4.8774
21600,0,0.016934,0.030008,0.014692,0.033017,5.752921,0.096396,630,1.0,1,0,0.045011,1.083173,4.8774
21700,0,0.001835,0.003774,0.01564,0.039627,5.550573,0.097126,632,1.0,1,0,0.045011,1.083173,4.8774
21800,0,0.016137,0.093501,0.008068,0.014964,6.087132,0.130074,635,1.0,2,0,0.045011,1.083173,4.8774
21900,0,0.00759,0.036822,0.003976,0.015941,5.586926,0.099174,637,1.0,2,0,0.045011,1.083173,4.8774
22000,0,0.009525,0.053508,0.000571,0.000683,5.563062,0.072731,639,1.0,3,0,0.045011,1.083173,4.8774
22100,0,0.008324,0.049695,0.0053,0.016568,5.512125,0.109879,642,1.0,3,0,0.045011,1.083173,4.8774
22200,0,0.00237,0.026122,0.0043,0.004572,6.096608,0.127708,644,1.0,4,0,0.045011,1.083173,4.8774
22300,0,0.017607,0.011023,0.020243,0.033604,5.837295,0.117666,646,1.0,5,0,0.045011,1.083173,4.8774
22400,0,0.012387,0.006344,0.014066,0.03262,5.741322,0.129874,648,1.0,5,0,0.045011,1.083173,4.8774
22500,0,0.013855,0.10933,0.007554,0.00635,5.997513,0.137891,651,1.0,6,0,0.045011,1.083173,4.8774
22600,0,0.003784,0.038589,0.002686,0.002978,5.8036,0.13506,655,0.0,0,0,0.045011,1.083173,4.8774
22700,0,0.009836,0.043697,0.004923,0.003195,5.532696,0.11499,657,0.0,0,0,0.045011,1.083173,4.8774
22800,0,0.009208,0.03378,0.015539,0.029497,5.76092,0.050616,659,0.0,0,0,0.045011,1.083173,4.8774
22900,0,0.000455,0.004085,0.022132,0.03212,5.8358,0.040128,660,1.0,1,0,0.045011,1.083173,4.8774
23000,0,0.022141,0.036942,0.011971,0.014398,6.091676,0.178391,661,1.0,1,0,0.045011,1.083173,4.8774
23100,0,0.003563,0.014278,0.020809,0.037181,5.585402,0.061293,662,1.0,1,0,0.045011,1.083173,4.8774
23200,0,0.003325,0.051267,0.017494,0.030646,5.631018,0.087219,665,0.0,0,0,0.045011,1.083173,4.8774
23300,0,0.002724,0.054875,0.001358,0.00562,5.591744,0.082828,668,1.0,1,0,0.045011,1.083173,4.8774
23400,0,0.012562,0.138465,0.005339,0.005497,6.012176,0.146899,672,1.0,1,0,0.045011,1.083173,4.8774
23500,0,0.005631,0.025793,0.014799,0.028786,5.770586,0.087031,675,1.0,1,0,0.045011,1.083173,4.8774
23600,0,0.016672,0.024557,0.018443,0.027935,5.967934,0.154197,677,1.0,2,0,0.045011,1.083173,4.8774
23700,0,0.023802,0.011357,0.003728,0.015372,5.639317,0.064419,679,1.0,2,0,0.045011,1.083173,4.8774
23800,0,0.007507,0.009312,0.016947,0.032637,5.446484,0.076761,680,1.0,3,0,0.045011,1.083173,4.8774
23900,0,0.006059,0.097528,0.013617,0.023699,5.848764,0.16343,683,1.0,3,0,0.045011,1.083173,4.8774
24000,0,0.001923,0.105547,0.006605,0.012912,5.932149,0.078995,686,0.0,0,0,0.045011,1.083173,4.8774
24100,0,0.017239,0.086023,0.006782,0.007815,5.447148,0.082362,690,0.0,0,0,0.045011,1.083173,4.8774
24200,0,0.015277,0.029793,0.016902,0.027512,5.510574,0.088016,693,1.0,1,0,0.045011,1.083173,4.8774
24300,0,1.2e-05,0.016607,0.008627,0.010493,6.274633,0.138545,696,1.0,1,0,0.045011,1.083173,4.8774
24400,0,0.031838,0.028187,0.010398,0.019873,5.922274,0.084517,699,1.0,2,0,0.045011,1.083173,4.8774
24500,0,0.046559,0.056933,0.014087,0.018289,6.185131,0.138643,702,1.0,2,0,0.045011,1.083173,4.8774
24600,0,0.419106,0.076175,0.054065,0.066798,6.056244,2.663636,706,0.0,0,0,0.045011,1.083173,4.8774
24700,0,0.026158,0.037663,0.027535,0.036281,5.746416,0.044013,709,1.0,1,0,0.045011,1.083173,4.8774
24800,0,0.006051,0.01018,0.015332,0.023554,5.604758,0.085948,712,1.0,1,0,0.045011,1.083173,4.8774
24900,0,0.009555,0.044579,0.022884,0.034917,5.412443,0.179125,715,1.0,1,0,0.045011,1.083173,4.8774
25000,0,0.006403,0.071734,0.012269,0.020223,5.27986,0.096995,718,0.0,0,0,0.045011,1.083173,4.8774
25100,0,0.029036,0.028173,0.002339,0.005229,6.23963,0.117961,721,0.0,0,0,0.045011,1.083173,4.8774
25200,0,0.060537,0.077364,0.007622,0.015319,5.866332,0.051614,724,0.0,0,0,0.045011,1.083173,4.8774
25300,0,0.041237,0.052571,0.012654,0.024901,5.801229,0.037454,727,1.0,1,0,0.045011,1.083173,4.8774
25400,0,0.003934,0.032695,0.014903,0.021021,5.754844,0.091093,728,1.0,1,0,0.045011,1.083173,4.8774
25500,0,0.01543,0.008739,0.016432,0.034861,5.929026,0.179383,731,1.0,1,0,0.045011,1.083173,4.8774
25600,0,0.007591,0.004136,0.02228,0.026739,5.513748,0.049574,731,1.0,1,0,0.045011,1.083173,4.8774
25700,0,0.006949,0.102353,0.014622,0.01681,5.708063,0.112688,734,1.0,2,0,0.045011,1.083173,4.8774
25800,0,0.000159,0.003611,0.014991,0.020536,6.460418,0.113136,737,1.0,2,0,0.045011,1.083173,4.8774
25900,0,0.022777,0.00367,0.00985,0.002053,5.904179,0.074104,739,1.0,2,0,0.045011,1.083173,4.8774
26000,0,0.01787,0.121481,0.002431,0.010751,5.771212,0.124293,742,1.0,3,0,0.045011,1.083173,4.8774
26100,0,0.036612,0.045195,0.006415,0.00066,6.198208,0.07364,746,1.0,3,0,0.045011,1.083173,4.8774
26200,0,0.01106,0.074622,0.037383,0.027641,5.681995,0.147299,749,1.0,4,0,0.045011,1.083173,4.8774
26300,0,0.018853,0.000941,0.001593,0.006693,5.866595,0.253019,752,1.0,4,0,0.045011,1.083173,4.8774
26400,0,0.010036,0.046622,0.114989,0.029886,5.522141,0.197065,755,1.0,5,0,0.045011,1.083173,4.8774
26500,0,0.069102,0.071504,0.032019,0.0383,5.472112,2.690921,758,0.0,0,0,0.045011,1.083173,4.8774
26600,0,0.013315,0.047577,0.029637,0.009635,5.552461,0.079791,762,1.0,1,0,0.045011,1.083173,4.8774
26700,0,0.007395,0.100977,0.027344,0.005099,6.03765,0.151473,765,1.0,1,0,0.045011,1.083173,4.8774
26800,0,0.00432,0.040561,0.000649,0.02688,5.290842,0.203237,768,1.0,1,0,0.045011,1.083173,4.8774
26900,0,0.010382,0.001007,0.001123,0.010457,5.828228,0.11551,770,1.0,2,0,0.045011,1.083173,4.8774
27000,0,0.011955,0.000946,0.030781,0.027351,5.313299,0.123122,773,1.0,2,0,0.045011,1.083173,4.8774
27100,0,0.009504,0.019881,0.028731,0.027539,5.206759,0.073893,774,1.0,3,0,0.045011,1.083173,4.8774
27200,0,0.006712,0.047227,0.019757,0.031369,5.267297,0.096498,777,1.0,3,0,0.045011,1.083173,4.8774
27300,0,0.034697,0.00071,0.037866,0.006078,6.306607,0.14684,780,1.0,4,0,0.045011,1.083173,4.8774
27400,0,0.00835,0.064659,0.005684,0.002259,5.416515,0.095349,781,1.0,5,0,0.045011,1.083173,4.8774
27500,0,0.01591,0.04873,0.027039,0.018296,5.606975,0.115215,785,1.0,5,0,0.045011,1.083173,4.8774
27600,0,0.021335,0.079237,0.003749,0.005581,5.986847,0.158398,788,1.0,6,0,0.045011,1.083173,4.8774
27700,0,0.024115,0.019363,0.005857,0.037153,5.900704,0.112938,791,0.0,0,0,0.045011,1.083173,4.8774
27800,0,0.013541,0.071581,0.020437,0.015622,5.846438,0.095771,793,0.0,0,0,0.045011,1.083173,4.8774
27900,0,0.017186,0.067657,0.031961,0.025418,5.513741,0.060749,796,1.0,1,0,0.045011,1.083173,4.8774
28000,0,0.005456,0.053946,0.010032,0.009977,5.583771,0.113369,799,1.0,1,0,0.045011,1.083173,4.8774
28100,0,0.009066,0.044517,0.001754,0.002751,5.616663,0.111927,802,1.0,1,0,0.045011,1.083173,4.8774
28200,0,0.008121,0.036032,0.013823,0.021841,5.437728,0.075015,805,1.0,2,0,0.045011,1.083173,4.8774
28300,0,0.014585,0.007524,0.012911,0.026885,5.423337,0.141046,806,1.0,2,0,0.045011,1.083173,4.8774
28400,0,0.014869,0.008327,0.005309,0.011165,5.831339,0.143264,807,1.0,3,0,0.045011,1.083173,4.8774
28500,0,0.014365,0.036957,0.019479,0.017244,6.321834,0.12015,808,1.0,3,0,0.045011,1.083173,4.8774
28600,0,0.001884,0.03718,0.039884,0.030339,5.221473,0.119202,811,1.0,4,0,0.045011,1.083173,4.8774
28700,0,0.007604,0.023811,0.027052,0.018097,5.73657,0.125706,814,1.0,4,0,0.045011,1.083173,4.8774
28800,0,0.017583,0.054861,0.019011,0.006308,5.614516,0.036945,818,0.0,0,0,0.045011,1.083173,4.8774
28900,0,0.007356,0.044245,0.013838,0.013127,5.225666,0.085616,821,1.0,1,0,0.045011,1.083173,4.8774
29000,0,0.034573,0.074111,0.016115,0.001581,6.372874,0.162394,823,1.0,1,0,0.045011,1.083173,4.8774
29100,0,0.036159,0.010685,0.001589,0.015685,5.511712,0.051417,825,1.0,1,0,0.045011,1.083173,4.8774
29200,0,0.020322,0.004745,0.006622,0.03019,5.417609,0.079643,825,1.0,2,0,0.045011,1.083173,4.8774
29300,0,0.043891,0.016165,0.000515,0.014241,6.27091,0.177092,827,1.0,2,0,0.045011,1.083173,4.8774
29400,0,0.028863,0.045812,0.002267,0.012529,5.674583,0.084105,829,1.0,2,0,0.045011,1.083173,4.8774
29500,0,0.009846,0.021512,0.013773,0.015996,5.636198,0.120204,832,1.0,3,0,0.045011,1.083173,4.8774
29600,0,0.051341,0.036902,0.000885,0.000136,5.897391,0.145922,835,1.0,3,0,0.045011,1.083173,4.8774
29700,0,0.011134,0.022011,0.017601,0.001411,5.681151,0.141672,839,1.0,4,0,0.045011,1.083173,4.8774
29800,0,0.051727,0.018324,0.000346,0.007344,6.166912,0.225337,842,1.0,4,0,0.045011,1.083173,4.8774
29900,0,0.000506,0.020894,0.020253,0.023443,5.193144,0.173654,844,0.0,0,0,0.045011,1.083173,4.8774
30000,0,0.004036,0.031833,0.023596,0.022328,5.600193,0.137149,845,0.0,0,0,0.045011,1.083173,4.8774
30100,0,0.000424,0.007714,0.018426,0.027039,5.364088,0.082979,847,0.0,0,0,0.045011,1.083173,4.8774
30200,0,0.017518,0.001788,0.017295,0.018851,5.506566,0.046866,847,1.0,1,0,0.045011,1.083173,4.8774
30300,0,0.006591,0.006257,0.026161,0.02084,5.500954,0.071013,847,1.0,1,0,0.045011,1.083173,4.8774
30400,0,0.008698,0.007402,0.013498,0.027801,5.274956,0.091098,849,1.0,1,0,0.045011,1.083173,4.8774
30500,0,0.01033,0.065256,0.016917,0.008695,5.994164,0.07123,850,1.0,2,0,0.045011,1.083173,4.8774
30600,0,0.008502,0.064993,0.023553,0.010842,5.554252,0.092122,854,1.0,2,0,0.045011,1.083173,4.8774
30700,0,0.004268,0.072438,0.060169,0.008645,5.384284,0.095232,857,1.0,2,0,0.045011,1.083173,4.8774
30800,0,0.016147,0.050964,0.043055,0.003018,5.116719,0.108456,860,1.0,3,0,0.045011,1.083173,4.8774
30900,0,0.045955,0.018995,0.090104,0.00015,6.108556,0.176727,863,1.0,3,0,0.045011,1.083173,4.8774
31000,0,0.00732,0.010276,0.014478,0.024153,5.140769,0.16965,865,0.0,0,0,0.045011,1.083173,4.8774
31100,0,0.003386,0.004329,0.011187,0.009749,5.555262,0.080053,866,0.0,0,0,0.045011,1.083173,4.8774
31200,0,0.00011,0.002642,0.024427,0.003595,5.605781,0.06781,867,1.0,1,0,0.045011,1.083173,4.8774
31300,0,0.008363,0.019356,0.010862,0.031671,5.33509,0.07459,867,1.0,1,0,0.045011,1.083173,4.8774
31400,0,0.009581,0.031579,0.012581,0.000532,5.382421,0.083799,869,1.0,1,0,0.045011,1.083173,4.8774
31500,0,0.001168,0.013172,0.007195,0.019648,5.293071,0.073905,869,1.0,2,0,0.045011,1.083173,4.8774
31600,0,0.008159,0.040713,0.015696,0.004177,5.123438,0.106234,870,1.0,2,0,0.045011,1.083173,4.8774
31700,0,0.016385,0.056876,0.000719,0.0006,5.140292,0.123124,872,1.0,3,0,0.045011,1.083173,4.8774
31800,0,0.033493,0.053487,0.000789,0.001976,5.737193,0.100899,874,1.0,3,0,0.045011,1.083173,4.8774
31900,0,0.013376,0.043665,0.003349,0.013791,5.030711,0.209143,875,1.0,4,0,0.045011,1.083173,4.8774
32000,0,0.027058,0.043289,0.020104,0.023438,5.790077,0.235584,878,1.0,5,0,0.045011,1.083173,4.8774
32100,0,0.012736,0.000216,0.022227,0.012893,6.355949,0.223886,879,1.0,6,0,0.045011,1.083173,4.8774
32200,0,0.033798,0.028705,0.000791,0.00282,6.298401,0.195749,881,1.0,7,0,0.045011,1.083173,4.8774
32300,0,0.021806,0.03352,0.002447,0.010549,5.73081,0.071911,882,0.0,0,0,0.045011,1.083173,4.8774
32400,0,0.011687,0.042203,0.001755,0.00182,5.84412,0.115373,885,0.0,0,0,0.045011,1.083173,4.8774
32500,0,0.000561,0.06504,0.009964,0.002889,5.43595,0.067236,887,1.0,1,0,0.045011,1.083173,4.8774
32600,0,0.046277,0.056759,0.019746,0.017802,6.385578,0.092856,890,1.0,1,0,0.045011,1.083173,4.8774
32700,0,0.02691,0.011592,0.007283,0.022336,5.545459,0.110068,892,1.0,1,0,0.045011,1.083173,4.8774
32800,0,0.023531,0.012859,0.001682,0.005699,5.80608,0.086767,893,1.0,2,0,0.045011,1.083173,4.8774
32900,0,0.018942,0.020796,0.001164,0.010807,5.856286,0.112281,894,1.0,2,0,0.045011,1.083173,4.8774
33000,0,0.012433,0.028169,0.042174,0.037889,5.229475,0.095444,897,1.0,2,0,0.045011,1.083173,4.8774
33100,0,0.004324,0.024737,0.018944,0.024649,5.225547,0.084792,899,1.0,3,0,0.045011,1.083173,4.8774
33200,0,0.013513,0.05131,0.077518,4.4e-05,5.125447,0.114956,902,1.0,3,0,0.045011,1.083173,4.8774
33300,0,0.007913,0.042743,0.088512,0.010541,5.26652,0.116334,905,1.0,4,0,0.045011,1.083173,4.8774
33400,0,0.02747,0.032408,0.030745,0.019447,5.769498,0.383298,908,1.0,4,0,0.045011,1.083173,4.8774
33500,0,0.033607,0.052461,0.190904,0.029058,5.433543,0.156984,911,1.0,5,0,0.045011,1.083173,4.8774
33600,0,0.033861,0.047429,0.176287,0.034054,5.45142,0.128491,915,1.0,5,0,0.045011,1.083173,4.8774
33700,0,0.022852,0.008199,0.043835,0.035585,5.724792,0.128198,918,0.0,0,0,0.045011,1.083173,4.8774
33800,0,0.008463,0.031313,0.027981,0.021234,5.258825,0.06391,920,0.0,0,0,0.045011,1.083173,4.8774
33900,0,0.001719,0.035433,0.040768,0.013052,5.107081,0.055616,922,1.0,1,0,0.045011,1.083173,4.8774
34000,0,0.006209,0.062807,0.009577,0.004589,5.407195,0.102535,926,1.0,1,0,0.045011,1.083173,4.8774
34100,0,0.003995,0.028934,0.005078,0.016966,5.432507,0.074344,928,1.0,2,0,0.045011,1.083173,4.8774
34200,0,0.007989,0.019361,0.007692,0.023514,6.032544,0.171322,929,1.0,2,0,0.045011,1.083173,4.8774
34300,0,0.017807,0.025055,0.016499,0.033146,5.17282,1.747239,931,0.0,0,0,0.045011,1.083173,4.8774
34400,0,0.016751,0.000285,0.041814,0.026847,5.487234,0.075496,933,0.0,0,0,0.045011,1.083173,4.8774
34500,0,0.004551,0.03694,0.011981,0.026851,5.349136,0.075486,937,0.0,0,0,0.045011,1.083173,4.8774
34600,0,0.006385,0.061394,0.022824,0.015381,5.115597,0.064111,940,1.0,1,0,0.045011,1.083173,4.8774
34700,0,0.023815,0.065797,0.002366,0.005734,4.995468,0.077158,943,1.0,1,0,0.045011,1.083173,4.8774
34800,0,0.012039,0.030131,0.029697,0.021596,5.26132,0.054383,946,1.0,2,0,0.045011,1.083173,4.8774
34900,0,0.031422,0.031053,0.009772,0.022557,5.328136,0.125521,949,1.0,2,0,0.045011,1.083173,4.8774
35000,0,0.009382,0.032578,0.035566,0.03578,5.194263,0.110152,952,1.0,3,0,0.045011,1.083173,4.8774
35100,0,0.001053,0.019551,0.031909,0.012022,5.941469,0.079227,954,1.0,3,0,0.045011,1.083173,4.8774
35200,0,0.006777,0.044653,0.015205,0.0267,5.100395,0.140263,957,1.0,4,0,0.045011,1.083173,4.8774
35300,0,0.018183,0.090656,0.046563,0.013621,5.251456,0.137939,960,1.0,5,0,0.045011,1.083173,4.8774
35400,0,0.045609,0.082237,0.006383,0.004229,5.605165,0.166112,963,1.0,5,0,0.045011,1.083173,4.8774
35500,0,0.00776,0.05936,0.003188,0.019633,5.440341,0.045785,967,1.0,1,0,0.045011,1.083173,4.8774
35600,0,0.002996,0.007423,0.010749,0.011452,5.569674,0.119863,969,1.0,1,0,0.045011,1.083173,4.8774
35700,0,0.009239,0.023222,0.021103,0.025014,5.224385,0.200023,971,1.0,1,0,0.045011,1.083173,4.8774
35800,0,0.015647,0.018372,0.017856,0.034064,5.473005,0.062431,971,1.0,2,0,0.045011,1.083173,4.8774
35900,0,0.00724,0.037498,0.012945,0.019763,5.311299,0.119431,973,1.0,2,0,0.045011,1.083173,4.8774
36000,0,0.014015,0.025938,0.002415,0.011507,5.401634,0.052365,974,1.0,2,0,0.045011,1.083173,4.8774
36100,0,0.012485,0.03941,0.010007,0.007619,5.159567,0.257942,977,0.0,0,0,0.045011,1.083173,4.8774
36200,0,0.00707,0.069756,0.003065,0.003384,5.323281,0.06895,979,0.0,0,0,0.045011,1.083173,4.8774
36300,0,0.01994,0.018143,0.001729,0.016528,4.937665,0.163297,982,0.0,0,0,0.045011,1.083173,4.8774
36400,0,0.009359,0.012509,0.006869,0.014559,5.211566,0.167303,982,0.0,0,0,0.045011,1.083173,4.8774
36500,0,0.000102,0.036491,0.016851,0.019836,5.328979,0.073279,984,0.0,0,0,0.045011,1.083173,4.8774
36600,0,0.004916,0.004022,0.008242,0.015286,5.180269,0.044163,985,1.0,1,0,0.045011,1.083173,4.8774
36700,0,0.03315,0.0241,0.006188,0.013163,5.890502,0.1093,985,1.0,1,0,0.045011,1.083173,4.8774
36800,0,0.000357,0.007918,0.02301,0.029887,5.106873,0.074879,986,1.0,1,0,0.045011,1.083173,4.8774
36900,0,0.002436,0.024513,0.015798,0.009561,5.752928,0.064521,987,1.0,2,0,0.045011,1.083173,4.8774
37000,0,0.006251,0.038426,0.002192,0.010755,5.344899,0.12355,988,1.0,2,0,0.045011,1.083173,4.8774
37100,0,0.009217,0.015239,0.01004,0.020159,5.449446,0.101643,989,1.0,3,0,0.045011,1.083173,4.8774
37200,0,0.004513,0.007163,0.01803,0.01115,6.483012,0.122582,991,1.0,3,0,0.045011,1.083173,4.8774
37300,0,0.005643,0.086377,0.016422,0.006855,4.990054,1.473971,995,0.0,0,0,0.045011,1.083173,4.8774
37400,0,0.017174,0.04559,0.003673,0.004319,5.31853,0.110741,998,0.0,0,0,0.045011,1.083173,4.8774
37500,0,0.00478,0.017147,0.007834,0.021364,5.411773,0.046837,999,0.0,0,0,0.045011,1.083173,4.8774
37600,0,0.009339,0.026773,0.012292,0.0188,5.011622,0.069687,999,1.0,1,0,0.045011,1.083173,4.8774
37700,0,0.021913,0.015185,0.001749,0.02048,5.178766,0.077273,1001,1.0,1,0,0.045011,1.083173,4.8774
37800,0,0.004427,0.006479,0.014325,0.024564,5.146065,0.069073,1001,1.0,2,0,0.045011,1.083173,4.8774
37900,0,0.01168,0.000354,0.014735,0.029304,4.935983,0.087237,1002,1.0,2,0,0.045011,1.083173,4.8774
38000,0,0.00254,0.01326,0.012305,0.026605,4.933294,0.115181,1003,1.0,3,0,0.045011,1.083173,4.8774
38100,0,0.032479,0.05501,0.003874,0.012543,5.522752,0.089608,1006,1.0,3,0,0.045011,1.083173,4.8774
38200,0,0.002953,0.06108,0.014784,0.011024,4.911704,0.168363,1008,1.0,4,0,0.045011,1.083173,4.8774
38300,0,0.03565,0.063035,0.009056,0.005183,5.857954,0.258374,1011,1.0,5,0,0.045011,1.083173,4.8774
38400,0,0.032326,0.05614,0.011489,0.016267,6.227757,0.212002,1014,1.0,6,0,0.045011,1.083173,4.8774
38500,0,0.041258,0.017472,0.003488,0.004297,5.854409,0.336333,1017,1.0,7,0,0.045011,1.083173,4.8774
38600,0,0.00089,0.059488,0.023774,0.008237,5.884953,0.3307,1020,1.0,9,0,0.045011,1.083173,4.8774
38700,0,0.040182,0.032427,0.001402,0.002584,5.831686,0.32772,1023,1.0,10,0,0.045011,1.083173,4.8774
38800,0,0.001041,0.048284,0.007611,0.004796,5.573043,0.071959,1025,0.0,0,0,0.045011,1.083173,4.8774
38900,0,0.01004,0.06378,0.025689,0.00205,5.053412,0.050924,1028,1.0,1,0,0.045011,1.083173,4.8774
39000,0,0.018744,0.050574,0.020382,0.00166,5.585711,0.092482,1031,1.0,1,0,0.045011,1.083173,4.8774
39100,0,0.015893,0.01481,0.017962,0.017278,5.854912,0.163947,1033,1.0,1,0,0.045011,1.083173,4.8774
39200,0,0.00351,0.045556,0.012009,0.002328,5.34322,0.073467,1033,1.0,2,0,0.045011,1.083173,4.8774
39300,0,0.010674,0.040316,0.007052,0.002842,5.561279,0.089706,1034,1.0,2,0,0.045011,1.083173,4.8774
39400,0,0.004777,0.039384,0.021705,0.021154,5.876422,0.137752,1035,1.0,3,0,0.045011,1.083173,4.8774
39500,0,0.019991,0.003505,0.010141,0.003826,6.301925,0.148372,1036,1.0,3,0,0.045011,1.083173,4.8774
39600,0,0.000121,0.031678,0.007267,0.03644,5.342298,0.094823,1037,1.0,4,0,0.045011,1.083173,4.8774
39700,0,0.007847,0.030837,0.088833,0.005933,5.336262,0.138313,1040,1.0,4,0,0.045011,1.083173,4.8774
39800,0,0.006799,0.032923,0.099642,0.007064,5.472573,0.156552,1043,1.0,5,0,0.045011,1.083173,4.8774
39900,0,0.012375,0.031253,0.008052,0.002564,5.297905,0.136157,1046,1.0,5,0,0.045011,1.083173,4.8774
40000,0,0.017096,0.057675,0.179677,0.018666,5.14106,0.123305,1049,1.0,6,0,0.045011,1.083173,4.8774
40100,0,0.055581,0.006424,0.014539,0.008484,5.714917,0.072426,1052,1.0,1,0,0.045011,1.083173,4.8774
40200,0,0.015027,0.033348,0.020273,0.020929,4.961762,0.052217,1052,1.0,1,0,0.045011,1.083173,4.8774
40300,0,0.005971,0.032542,0.013812,0.024004,4.878541,0.114878,1053,1.0,1,0,0.045011,1.083173,4.8774
40400,0,0.004877,0.015086,0.002732,0.017757,5.261763,0.0765,1054,1.0,2,0,0.045011,1.083173,4.8774
40500,0,0.008093,0.011902,0.030384,0.008769,5.440224,0.104547,1055,1.0,2,0,0.045011,1.083173,4.8774
40600,0,0.006679,0.000597,0.001819,0.024421,5.202809,0.071279,1055,1.0,3,0,0.045011,1.083173,4.8774
40700,0,0.021778,0.001814,0.036599,0.020894,5.15061,0.111824,1056,1.0,3,0,0.045011,1.083173,4.8774
40800,0,0.022287,0.007192,0.026908,0.012801,5.335087,0.072482,1056,1.0,4,0,0.045011,1.083173,4.8774
40900,0,0.014734,0.017192,0.016257,0.019442,4.979881,0.090476,1057,1.0,4,0,0.045011,1.083173,4.8774
41000,0,0.022598,0.014089,0.02323,0.017264,5.147445,0.158288,1058,1.0,5,0,0.045011,1.083173,4.8774
41100,0,0.038244,0.009622,0.034718,0.005888,6.222288,0.195674,1059,1.0,6,0,0.045011,1.083173,4.8774
41200,0,0.081326,0.077064,0.009628,0.004986,6.040493,0.200625,1061,1.0,7,0,0.045011,1.083173,4.8774
41300,0,0.027335,0.023671,0.021971,0.000609,5.787174,0.264189,1064,1.0,8,0,0.045011,1.083173,4.8774
41400,0,0.003029,0.040904,0.006442,0.025943,4.871527,0.456181,1067,0.0,0,0,0.045011,1.083173,4.8774
41500,0,0.007313,0.024722,0.013841,0.011228,5.413528,0.087496,1069,0.0,0,0,0.045011,1.083173,4.8774
41600,0,0.021958,0.015796,0.017256,0.026107,5.421027,0.056402,1069,1.0,1,0,0.045011,1.083173,4.8774
41700,0,0.00676,0.015121,0.000327,0.021243,5.106355,0.066734,1069,1.0,1,0,0.045011,1.083173,4.8774
41800,0,0.022576,0.009618,0.012906,0.029819,4.968223,0.055023,1070,1.0,1,0,0.045011,1.083173,4.8774
41900,0,0.011206,0.019193,0.000308,0.023669,5.053005,0.056638,1070,1.0,2,0,0.045011,1.083173,4.8774
42000,0,0.019334,0.026304,0.023947,0.017931,5.420634,0.086134,1071,1.0,2,0,0.045011,1.083173,4.8774
42100,0,0.008694,0.009224,0.006042,0.020262,5.310043,0.111478,1073,1.0,3,0,0.045011,1.083173,4.8774
42200,0,0.019063,0.013814,0.003452,0.018217,5.302704,0.105133,1074,1.0,4,0,0.045011,1.083173,4.8774
42300,0,0.004712,0.001601,0.025915,0.01008,5.493472,0.112924,1075,1.0,4,0,0.045011,1.083173,4.8774
42400,0,0.016103,0.033305,0.001903,0.001154,5.319414,0.164316,1078,1.0,5,0,0.045011,1.083173,4.8774
42500,0,0.017034,0.050139,0.011979,0.000206,5.4045,0.049488,1081,0.0,0,0,0.045011,1.083173,4.8774
42600,0,0.020335,0.033006,0.01071,0.026126,4.880475,0.084354,1083,1.0,1,0,0.045011,1.083173,4.8774
42700,0,0.009692,0.022147,0.018277,0.03299,4.852213,0.293115,1085,1.0,1,0,0.045011,1.083173,4.8774
42800,0,0.011076,0.009419,0.009755,0.006802,5.803999,0.160385,1087,1.0,2,0,0.045011,1.083173,4.8774
42900,0,0.020649,0.022409,0.005241,0.022404,5.572965,0.168617,1088,1.0,2,0,0.045011,1.083173,4.8774
43000,0,0.008485,0.014447,0.018569,0.021833,5.170681,0.07134,1088,1.0,3,0,0.045011,1.083173,4.8774
43100,0,0.017867,0.011017,0.023949,0.033377,5.172355,0.113482,1089,1.0,3,0,0.045011,1.083173,4.8774
43200,0,0.002072,0.028285,0.019986,0.014082,5.308029,0.084204,1089,1.0,4,0,0.045011,1.083173,4.8774
43300,0,0.005269,0.038218,0.014568,0.017338,5.061948,0.117243,1090,1.0,4,0,0.045011,1.083173,4.8774
43400,0,0.010201,0.027504,0.007114,0.026889,5.008433,0.144552,1091,1.0,5,0,0.045011,1.083173,4.8774
43500,0,0.003881,0.040495,0.009285,0.006808,6.522804,0.195958,1093,1.0,6,0,0.045011,1.083173,4.8774
43600,0,0.009264,0.042547,0.015985,0.006648,5.031394,0.385395,1095,1.0,7,0,0.045011,1.083173,4.8774
43700,0,0.018802,0.016069,0.009662,0.009327,5.43539,0.210975,1098,1.0,8,0,0.045011,1.083173,4.8774
43800,0,0.021026,0.019289,0.059354,0.015515,5.208246,0.818443,1101,1.0,10,0,0.045011,1.083173,4.8774
43900,0,0.030643,0.000582,0.009303,0.018347,5.617791,0.228723,1102,0.0,0,0,0.045011,1.083173,4.8774
44000,0,0.017417,0.003448,0.005836,0.028146,5.155441,0.06741,1103,0.0,0,0,0.045011,1.083173,4.8774
44100,0,0.010524,0.000296,0.024103,0.032993,4.969908,0.04944,1103,1.0,1,0,0.045011,1.083173,4.8774
44200,0,0.00365,0.001117,0.010535,0.018536,5.16772,0.092444,1103,1.0,1,0,0.045011,1.083173,4.8774
44300,0,0.00356,0.025436,0.02257,0.039842,5.301783,0.086711,1105,1.0,2,0,0.045011,1.083173,4.8774
44400,0,0.033738,0.026061,0.022696,0.022255,6.048533,0.146514,1106,1.0,2,0,0.045011,1.083173,4.8774
44500,0,0.005386,0.02182,0.01909,0.020887,5.585692,0.112649,1109,1.0,3,0,0.045011,1.083173,4.8774
44600,0,0.006267,0.062825,0.013613,0.00212,5.206217,0.140921,1112,1.0,3,0,0.045011,1.083173,4.8774
44700,0,0.024982,0.038557,0.012829,0.02074,5.02885,0.09688,1116,0.0,0,0,0.045011,1.083173,4.8774
44800,0,0.009603,0.031727,0.019618,0.032412,5.058056,0.088001,1119,0.0,0,0,0.045011,1.083173,4.8774
44900,0,0.000534,0.02772,0.0093,0.016957,5.112856,0.108318,1119,0.0,0,0,0.045011,1.083173,4.8774
45000,0,0.017822,0.010537,0.017315,0.022981,5.127609,0.071997,1119,1.0,1,0,0.045011,1.083173,4.8774
45100,0,0.000992,0.006841,0.014725,0.024886,5.508002,0.118823,1120,1.0,1,0,0.045011,1.083173,4.8774
45200,0,0.010089,0.042604,0.016459,0.011101,5.445786,0.045277,1120,1.0,1,0,0.045011,1.083173,4.8774
45300,0,0.018408,0.001719,0.023684,0.032348,4.857076,0.081954,1121,1.0,2,0,0.045011,1.083173,4.8774
45400,0,0.004351,0.011862,0.015316,0.031621,4.855517,0.081342,1122,1.0,2,0,0.045011,1.083173,4.8774
45500,0,0.002135,0.022841,0.014817,0.025986,4.87865,0.077429,1123,1.0,3,0,0.045011,1.083173,4.8774
45600,0,0.001673,0.045781,0.048548,0.023243,4.900658,0.102218,1126,1.0,3,0,0.045011,1.083173,4.8774
45700,0,0.004623,0.057635,0.054256,0.00616,4.821894,0.107011,1129,1.0,4,0,0.045011,1.083173,4.8774
45800,0,0.007961,0.045379,0.071935,0.0026,5.840855,0.172204,1133,1.0,4,0,0.045011,1.083173,4.8774
45900,0,0.017103,0.021448,0.104516,0.021889,5.106953,0.143485,1136,1.0,5,0,0.045011,1.083173,4.8774
46000,0,0.003883,0.019471,0.001015,0.029427,5.084117,0.054576,1138,0.0,0,0,0.045011,1.083173,4.8774
46100,0,0.009771,0.011306,0.003447,0.02954,4.820773,0.052529,1139,0.0,0,0,0.045011,1.083173,4.8774
46200,0,0.021688,0.004915,0.00359,0.029329,5.124139,0.043917,1139,1.0,1,0,0.045011,1.083173,4.8774
46300,0,0.042781,0.061441,0.021083,0.01884,5.878968,0.129641,1140,1.0,1,0,0.045011,1.083173,4.8774
46400,0,0.023121,0.000591,0.002518,0.024667,5.050421,0.048846,1140,1.0,1,0,0.045011,1.083173,4.8774
46500,0,0.011078,0.008108,0.004262,0.025597,4.97236,0.063801,1140,1.0,2,0,0.045011,1.083173,4.8774
46600,0,0.007172,0.008881,0.011722,0.01915,5.257749,0.096904,1142,1.0,2,0,0.045011,1.083173,4.8774
46700,0,0.017373,0.017097,0.014341,0.01023,5.519576,0.093245,1142,1.0,3,0,0.045011,1.083173,4.8774
46800,0,0.005898,0.040446,0.000672,0.013776,5.400694,0.141086,1144,1.0,4,0,0.045011,1.083173,4.8774
46900,0,0.014589,0.009435,0.022742,0.007589,5.645985,0.211928,1145,1.0,4,0,0.045011,1.083173,4.8774
47000,0,0.034106,0.052939,0.018796,0.00586,6.331396,0.200074,1147,1.0,5,0,0.045011,1.083173,4.8774
47100,0,0.006219,0.032073,0.001321,0.001554,5.336459,0.156516,1148,1.0,6,0,0.045011,1.083173,4.8774
47200,0,0.00287,0.023591,0.013438,0.004435,5.265062,0.062754,1150,0.0,0,0,0.045011,1.083173,4.8774
47300,0,0.003429,0.016905,3.3e-05,0.019384,4.850052,0.05159,1151,1.0,1,0,0.045011,1.083173,4.8774
47400,0,0.01571,0.009413,0.008674,0.005776,5.795485,0.085422,1151,1.0,1,0,0.045011,1.083173,4.8774
47500,0,0.005358,0.014132,0.0188,0.004138,5.553031,0.113683,1151,1.0,1,0,0.045011,1.083173,4.8774
47600,0,0.007536,0.003392,0.011185,0.018188,4.998411,0.062141,1152,1.0,2,0,0.045011,1.083173,4.8774
47700,0,0.001569,0.005351,0.013407,0.015018,6.151354,0.171021,1153,1.0,2,0,0.045011,1.083173,4.8774
47800,0,0.00411,0.007912,0.00758,0.010397,5.40033,0.084101,1153,1.0,2,0,0.045011,1.083173,4.8774
47900,0,0.011225,0.008154,0.014146,0.017221,5.419327,0.108789,1154,1.0,3,0,0.045011,1.083173,4.8774
48000,0,0.005151,0.007273,0.005772,0.02768,4.930981,0.085656,1155,1.0,3,0,0.045011,1.083173,4.8774
48100,0,0.001928,0.017613,0.057007,0.022841,5.144535,0.137699,1157,1.0,4,0,0.045011,1.083173,4.8774
48200,0,0.049862,0.04265,0.065071,0.011496,5.417896,0.116241,1160,1.0,4,0,0.045011,1.083173,4.8774
48300,0,0.026636,0.00641,0.007208,0.001699,5.640829,0.135156,1162,0.0,0,0,0.045011,1.083173,4.8774
48400,0,0.008983,0.046996,0.012179,0.001266,5.016492,0.107721,1164,0.0,0,0,0.045011,1.083173,4.8774
48500,0,0.000358,0.03001,0.00579,0.014469,4.803008,0.061776,1166,1.0,1,0,0.045011,1.083173,4.8774
48600,0,0.003533,0.016636,0.010113,0.011463,4.92755,0.092774,1167,1.0,1,0,0.045011,1.083173,4.8774
48700,0,0.014847,0.008609,0.007923,0.00962,5.495242,0.098598,1168,1.0,2,0,0.045011,1.083173,4.8774
48800,0,0.022995,0.005677,0.005083,0.015966,5.283298,0.112587,1168,1.0,2,0,0.045011,1.083173,4.8774
48900,0,0.008591,0.002911,0.012655,0.025449,5.2226,0.069648,1170,1.0,2,0,0.045011,1.083173,4.8774
49000,0,0.07391,0.045344,0.016295,0.001913,6.464751,0.102402,1171,1.0,3,0,0.045011,1.083173,4.8774
49100,0,0.01002,0.001966,0.023047,0.025275,5.045624,0.074703,1172,1.0,4,0,0.045011,1.083173,4.8774
49200,0,0.001303,0.039847,0.034351,0.024088,4.916184,0.105225,1174,1.0,4,0,0.045011,1.083173,4.8774
49300,0,0.015301,0.009978,0.003185,0.009334,5.596977,0.322568,1176,1.0,5,0,0.045011,1.083173,4.8774
49400,0,0.04252,0.067032,0.031968,0.000895,5.631046,0.241278,1178,1.0,6,0,0.045011,1.083173,4.8774
49500,0,0.002988,0.040487,0.000959,0.000867,5.161047,0.060279,1181,0.0,0,0,0.045011,1.083173,4.8774
49600,0,0.008761,0.036983,0.017409,0.01608,4.930901,0.090007,1183,1.0,1,0,0.045011,1.083173,4.8774
49700,0,0.012189,0.020697,0.011213,0.024051,4.797115,0.216111,1185,1.0,1,0,0.045011,1.083173,4.8774
49800,0,0.00417,0.028004,0.005066,0.008295,5.643198,0.108564,1185,1.0,2,0,0.045011,1.083173,4.8774
49900,0,0.015632,0.006525,0.01755,0.012672,5.775817,0.33159,1186,1.0,2,0,0.045011,1.083173,4.8774
50000,0,0.004518,0.003986,0.016924,0.019848,5.273497,0.089821,1186,1.0,3,0,0.045011,1.083173,4.8774
50100,0,0.00598,0.01425,0.01772,0.022309,5.396151,0.162507,1187,1.0,3,0,0.045011,1.083173,4.8774
50200,0,0.0146,0.005332,0.020611,0.014528,5.082792,0.082327,1187,1.0,4,0,0.045011,1.083173,4.8774
50300,0,0.003963,0.004635,0.01671,0.0198,4.998656,0.131838,1187,1.0,4,0,0.045011,1.083173,4.8774
50400,0,0.014901,0.001826,0.016551,0.023929,5.132884,0.135682,1188,1.0,5,0,0.045011,1.083173,4.8774
50500,0,0.028629,0.021414,0.023602,0.012867,6.508056,0.284866,1189,1.0,6,0,0.045011,1.083173,4.8774
50600,0,0.017405,0.048233,0.005341,0.023662,4.869117,0.754485,1191,1.0,7,0,0.045011,1.083173,4.8774
50700,0,0.004871,0.03934,0.033358,0.007899,5.259862,0.153966,1194,1.0,8,0,0.045011,1.083173,4.8774
50800,0,0.009912,0.01942,0.018206,0.009322,4.997147,1.233205,1197,1.0,10,0,0.045011,1.083173,4.8774
50900,0,0.029923,0.032444,0.009768,0.006014,5.763776,0.117859,1199,0.0,0,0,0.045011,1.083173,4.8774
51000,0,0.004684,0.033218,0.004136,0.021614,4.98056,0.046999,1200,0.0,0,0,0.045011,1.083173,4.8774
51100,0,0.005675,0.02943,0.011423,0.01966,4.793583,0.048554,1200,1.0,1,0,0.045011,1.083173,4.8774
51200,0,0.013283,0.027995,0.001185,0.012012,5.153131,0.090809,1201,1.0,1,0,0.045011,1.083173,4.8774
51300,0,0.007882,0.027859,0.008101,0.02039,5.049824,0.055364,1201,1.0,2,0,0.045011,1.083173,4.8774
51400,0,0.005126,0.015526,0.013453,0.018763,4.788364,0.156528,1201,1.0,2,0,0.045011,1.083173,4.8774
51500,0,0.00028,0.017496,0.007664,0.027386,4.837811,0.083635,1202,1.0,3,0,0.045011,1.083173,4.8774
51600,0,0.009282,0.01122,0.00087,0.009562,5.211697,0.075967,1202,1.0,3,0,0.045011,1.083173,4.8774
51700,0,0.007199,0.012693,0.015305,0.015504,5.466999,0.517236,1202,1.0,4,0,0.045011,1.083173,4.8774
51800,0,0.007359,0.000847,0.013057,0.024086,4.825548,0.145767,1203,1.0,5,0,0.045011,1.083173,4.8774
51900,0,0.012336,0.029413,0.008458,0.004452,5.806908,0.139064,1205,1.0,6,0,0.045011,1.083173,4.8774
52000,0,0.015571,0.036369,0.001505,0.013307,5.22042,0.193516,1206,1.0,7,0,0.045011,1.083173,4.8774
52100,0,0.003778,0.036959,0.012015,0.007249,5.07606,0.279019,1209,1.0,8,0,0.045011,1.083173,4.8774
52200,0,0.010731,0.060825,0.045896,0.005912,5.087174,0.852832,1212,1.0,10,0,0.045011,1.083173,4.8774
52300,0,0.007556,0.0261,0.003209,0.003845,5.032909,0.070499,1214,0.0,0,0,0.045011,1.083173,4.8774
52400,0,0.004645,0.044677,0.005014,0.009069,5.158342,0.075684,1215,1.0,1,0,0.045011,1.083173,4.8774
52500,0,0.011626,0.008941,0.001417,0.028083,4.869566,0.351387,1218,1.0,1,0,0.045011,1.083173,4.8774
52600,0,0.009496,0.001324,0.007537,0.011427,5.292387,0.073326,1218,1.0,2,0,0.045011,1.083173,4.8774
52700,0,0.014247,0.015678,0.015303,0.025958,5.802428,0.174182,1219,1.0,2,0,0.045011,1.083173,4.8774
52800,0,0.036931,0.01998,0.011831,0.019507,5.293391,0.07866,1220,1.0,3,0,0.045011,1.083173,4.8774
52900,0,0.02689,0.056804,0.009331,0.001362,6.006869,0.139264,1221,1.0,3,0,0.045011,1.083173,4.8774
53000,0,0.004843,0.036831,0.011652,0.01683,5.018782,0.089014,1222,1.0,4,0,0.045011,1.083173,4.8774
53100,0,0.000326,0.038955,0.006338,0.016436,5.004905,0.102331,1223,1.0,4,0,0.045011,1.083173,4.8774
53200,0,0.01032,0.06744,0.006225,0.004738,5.717009,0.147366,1225,1.0,5,0,0.045011,1.083173,4.8774
53300,0,0.054584,0.02015,0.008988,0.013675,6.394559,0.241633,1226,1.0,6,0,0.045011,1.083173,4.8774
53400,0,0.000222,0.023865,0.006111,0.00247,5.434157,0.545995,1228,1.0,7,0,0.045011,1.083173,4.8774
53500,0,0.021059,0.025133,0.036914,0.017384,5.008733,0.152886,1231,1.0,8,0,0.045011,1.083173,4.8774
53600,0,0.04989,0.018641,0.011274,0.016265,5.665062,0.746529,1234,1.0,10,0,0.045011,1.083173,4.8774
53700,0,0.007309,0.017629,0.075307,0.030918,5.046381,0.370321,1236,1.0,12,0,0.045011,1.083173,4.8774
53800,0,0.00279,0.019938,0.005202,0.02987,5.094535,0.046867,1238,1.0,1,0,0.045011,1.083173,4.8774
53900,0,0.011922,0.028868,0.006405,0.010863,5.093848,0.0764,1239,1.0,1,0,0.045011,1.083173,4.8774
54000,0,0.007746,0.021218,0.011826,0.015748,4.830088,0.198571,1240,1.0,1,0,0.045011,1.083173,4.8774
54100,0,0.005994,0.025725,0.001217,0.00582,5.080822,0.0678,1241,1.0,2,0,0.045011,1.083173,4.8774
54200,0,0.007903,0.039048,0.000704,0.005128,4.948942,0.133237,1243,1.0,2,0,0.045011,1.083173,4.8774
54300,0,0.007632,0.030044,0.003256,0.00735,5.076767,0.056468,1245,1.0,3,0,0.045011,1.083173,4.8774
54400,0,0.001899,0.002502,0.001394,0.013772,5.369198,0.114604,1246,1.0,3,0,0.045011,1.083173,4.8774
54500,0,0.000775,0.016601,0.007529,0.014756,4.919223,0.095972,1247,1.0,4,0,0.045011,1.083173,4.8774
54600,0,0.010926,0.013697,0.009647,0.010196,5.252509,0.100345,1248,1.0,4,0,0.045011,1.083173,4.8774
54700,0,0.008517,0.017378,0.020224,0.021722,5.344384,0.297507,1249,1.0,5,0,0.045011,1.083173,4.8774
54800,0,0.014156,0.021312,0.0082,0.011176,5.365944,0.173792,1250,1.0,6,0,0.045011,1.083173,4.8774
54900,0,0.009858,0.034582,0.011847,0.01818,4.994173,0.15613,1252,1.0,7,0,0.045011,1.083173,4.8774
55000,0,0.020897,0.058703,0.076025,6.3e-05,5.624274,0.433174,1255,1.0,8,0,0.045011,1.083173,4.8774
55100,0,0.419093,0.153088,0.132781,0.166478,5.431475,3.107322,1258,0.0,0,0,0.045011,1.083173,4.8774
55200,0,0.019138,0.039025,0.002228,0.02496,5.445003,0.124865,1261,0.0,0,0,0.045011,1.083173,4.8774
55300,0,0.016019,0.01187,0.003844,0.009984,5.040756,0.063694,1262,0.0,0,0,0.045011,1.083173,4.8774
55400,0,0.0201,0.019119,0.001442,0.012909,4.849124,0.04608,1262,1.0,1,0,0.045011,1.083173,4.8774
55500,0,0.00986,0.00923,0.005305,0.024425,5.116365,0.08586,1263,1.0,1,0,0.045011,1.083173,4.8774
55600,0,0.013518,0.003944,0.001747,0.012608,5.197234,0.059928,1264,1.0,1,0,0.045011,1.083173,4.8774
55700,0,0.020629,0.002906,0.008467,0.018011,5.698211,0.066904,1264,1.0,2,0,0.045011,1.083173,4.8774
55800,0,0.008338,0.00728,0.006607,0.014357,4.989549,0.07827,1265,1.0,2,0,0.045011,1.083173,4.8774
55900,0,0.009147,0.02282,0.012581,0.027966,5.264325,0.114106,1266,1.0,3,0,0.045011,1.083173,4.8774
56000,0,0.020087,0.054542,0.013776,0.005066,5.604764,0.148149,1268,1.0,4,0,0.045011,1.083173,4.8774
56100,0,0.010569,0.037903,0.009877,0.010377,4.887747,0.111568,1269,1.0,4,0,0.045011,1.083173,4.8774
56200,0,0.000667,0.044859,0.010596,0.013029,5.423117,0.147947,1270,1.0,5,0,0.045011,1.083173,4.8774
56300,0,0.013766,0.034435,0.01354,0.002715,4.789176,0.11898,1272,1.0,6,0,0.045011,1.083173,4.8774
56400,0,0.002672,0.020069,0.004015,0.016312,4.80369,0.078473,1274,0.0,0,0,0.045011,1.083173,4.8774
56500,0,0.001642,0.019018,0.00191,0.007194,5.054921,0.057786,1274,1.0,1,0,0.045011,1.083173,4.8774
56600,0,0.002648,0.020554,0.012426,0.02145,5.434356,0.140749,1276,1.0,1,0,0.045011,1.083173,4.8774
56700,0,0.000967,0.006975,0.009893,0.021477,4.939685,0.093398,1276,1.0,1,0,0.045011,1.083173,4.8774
56800,0,0.007299,0.001421,0.005103,0.007339,5.385687,0.144304,1277,1.0,2,0,0.045011,1.083173,4.8774
56900,0,0.007851,0.005114,0.010037,0.021473,4.839198,0.122482,1277,1.0,2,0,0.045011,1.083173,4.8774
57000,0,0.013143,0.001948,0.009571,0.023742,4.744208,0.065338,1277,1.0,3,0,0.045011,1.083173,4.8774
57100,0,0.002257,0.011152,0.014973,0.015236,4.997245,0.087527,1279,1.0,3,0,0.045011,1.083173,4.8774
57200,0,0.010779,0.00229,0.011065,0.013474,5.689344,0.112694,1279,1.0,4,0,0.045011,1.083173,4.8774
57300,0,0.002803,0.042373,0.01673,0.01422,5.081486,0.098433,1281,1.0,5,0,0.045011,1.083173,4.8774
57400,0,0.011772,0.028269,0.000459,0.001682,5.249276,0.120136,1283,1.0,5,0,0.045011,1.083173,4.8774
57500,0,0.011324,0.019693,0.00536,0.004074,6.077107,0.148129,1284,1.0,6,0,0.045011,1.083173,4.8774
57600,0,0.012977,0.038576,0.019876,0.007256,5.099892,0.132021,1286,1.0,7,0,0.045011,1.083173,4.8774
57700,0,0.011169,0.023243,0.010479,0.000786,5.767477,0.309788,1289,1.0,9,0,0.045011,1.083173,4.8774
57800,0,0.000287,0.007261,0.001182,0.019158,4.810984,0.172631,1291,0.0,0,0,0.045011,1.083173,4.8774
57900,0,0.002599,0.008645,0.000621,0.020812,5.09219,0.066585,1293,0.0,0,0,0.045011,1.083173,4.8774
58000,0,0.008086,0.005382,0.004693,0.02567,4.946833,0.044735,1293,1.0,1,0,0.045011,1.083173,4.8774
58100,0,0.03604,0.015957,0.01182,0.019005,5.601155,0.137685,1294,1.0,1,0,0.045011,1.083173,4.8774
58200,0,0.005612,0.009638,0.002081,0.025774,5.075568,0.055157,1295,1.0,1,0,0.045011,1.083173,4.8774
58300,0,0.001384,0.015285,0.014153,0.011323,5.269679,0.190841,1295,1.0,2,0,0.045011,1.083173,4.8774
58400,0,0.042832,0.062735,0.013458,0.012898,5.906927,0.168835,1296,1.0,2,0,0.045011,1.083173,4.8774
58500,0,0.01874,0.01844,0.015158,0.006203,5.384949,0.153431,1296,1.0,3,0,0.045011,1.083173,4.8774
58600,0,0.008526,0.01164,0.014052,0.010556,4.952932,0.086905,1296,1.0,4,0,0.045011,1.083173,4.8774
58700,0,0.033665,0.05596,0.013367,0.008339,5.939952,0.173776,1298,1.0,5,0,0.045011,1.083173,4.8774
58800,0,0.001793,0.018036,0.002252,0.00203,5.129285,0.115458,1299,1.0,5,0,0.045011,1.083173,4.8774
58900,0,0.001065,0.021355,0.002969,0.001897,5.048209,0.137456,1301,1.0,6,0,0.045011,1.083173,4.8774
59000,0,0.010216,0.040969,0.012709,0.02418,4.752791,0.843781,1303,0.0,0,0,0.045011,1.083173,4.8774
59100,0,0.000984,0.029773,0.008585,0.032749,5.222593,0.184573,1304,0.0,0,0,0.045011,1.083173,4.8774
59200,0,0.002251,0.020968,0.018046,0.009546,5.11321,0.075956,1304,0.0,0,0,0.045011,1.083173,4.8774
59300,0,0.010944,0.004962,0.000849,0.012571,4.871575,0.057448,1304,1.0,1,0,0.045011,1.083173,4.8774
59400,0,0.000805,0.014843,0.011128,0.031837,5.36698,0.208312,1305,1.0,1,0,0.045011,1.083173,4.8774
59500,0,0.00404,0.006094,0.01899,0.014453,4.965044,0.071953,1305,1.0,1,0,0.045011,1.083173,4.8774
59600,0,0.006336,0.004431,0.006038,0.009475,5.478776,0.063977,1305,1.0,2,0,0.045011,1.083173,4.8774
59700,0,0.003801,0.0002,0.002573,0.022752,4.722603,0.095519,1305,1.0,2,0,0.045011,1.083173,4.8774
59800,0,0.008132,0.003722,0.001384,0.021302,4.800588,0.093511,1306,1.0,3,0,0.045011,1.083173,4.8774
59900,0,0.00505,0.025372,0.008888,0.00567,5.550372,0.244632,1306,1.0,3,0,0.045011,1.083173,4.8774
60000,0,0.006671,0.017214,0.001137,0.001897,5.824206,0.181393,1306,1.0,4,0,0.045011,1.083173,4.8774
60100,0,0.017465,0.008716,0.017183,0.000857,5.651005,0.262098,1309,1.0,5,0,0.045011,1.083173,4.8774
60200,0,0.006987,0.015819,0.022601,0.013979,4.976069,0.116016,1311,1.0,5,0,0.045011,1.083173,4.8774
60300,0,0.006775,0.033596,0.034874,0.010594,5.244771,0.092512,1315,0.0,0,0,0.045011,1.083173,4.8774
60400,0,0.017374,0.03549,0.02735,0.005717,4.809503,0.08441,1316,0.0,0,0,0.045011,1.083173,4.8774
60500,0,0.020174,0.03343,0.011634,0.010469,4.764629,0.049933,1317,1.0,1,0,0.045011,1.083173,4.8774
60600,0,0.004147,0.022665,0.003765,0.001915,5.377993,0.159619,1318,1.0,1,0,0.045011,1.083173,4.8774
60700,0,0.032047,0.027217,0.011574,0.015513,5.078671,0.061735,1318,1.0,2,0,0.045011,1.083173,4.8774
60800,0,0.002065,0.031629,0.00066,0.007953,4.997809,0.139111,1319,1.0,2,0,0.045011,1.083173,4.8774
60900,0,0.026651,0.006924,0.006709,0.019394,4.955054,0.084775,1320,1.0,3,0,0.045011,1.083173,4.8774
61000,0,0.018713,0.023424,0.002317,0.005624,5.175541,0.072284,1321,1.0,3,0,0.045011,1.083173,4.8774
61100,0,0.007922,0.018047,0.013316,0.013733,5.143519,0.128513,1321,1.0,4,0,0.045011,1.083173,4.8774
61200,0,0.0071,0.006165,0.01798,0.020723,4.796045,0.115489,1322,1.0,5,0,0.045011,1.083173,4.8774
61300,0,0.02047,0.032438,0.00382,0.003362,5.742543,0.118583,1324,1.0,6,0,0.045011,1.083173,4.8774
61400,0,0.012515,0.027271,0.0167,0.015795,4.875024,0.138295,1325,1.0,7,0,0.045011,1.083173,4.8774
61500,0,0.004638,0.043836,0.011838,0.010416,5.037907,0.073755,1328,0.0,0,0,0.045011,1.083173,4.8774
61600,0,0.015626,0.043419,0.010403,0.006655,4.768633,0.057847,1329,1.0,1,0,0.045011,1.083173,4.8774
61700,0,0.016224,0.048053,0.012497,0.006654,4.970837,0.150744,1333,1.0,1,0,0.045011,1.083173,4.8774
61800,0,0.024541,0.029926,0.008448,0.003974,5.817925,0.133493,1333,1.0,1,0,0.045011,1.083173,4.8774
61900,0,0.010638,0.030538,0.001023,0.012085,5.019084,0.103284,1334,1.0,2,0,0.045011,1.083173,4.8774
62000,0,0.000242,0.017101,0.007133,0.011335,4.916625,0.072768,1334,1.0,2,0,0.045011,1.083173,4.8774
62100,0,0.02733,0.021673,0.011473,0.004509,5.572208,0.210407,1335,1.0,3,0,0.045011,1.083173,4.8774
62200,0,0.021258,0.000109,0.022631,0.010143,5.166227,0.069439,1336,1.0,3,0,0.045011,1.083173,4.8774
62300,0,0.025741,0.001715,0.004123,0.002559,5.671466,0.289234,1337,1.0,4,0,0.045011,1.083173,4.8774
62400,0,0.010075,0.016885,0.001422,0.009184,5.415767,0.144988,1337,1.0,5,0,0.045011,1.083173,4.8774
62500,0,0.025421,0.007068,0.026178,0.008759,5.344453,0.156798,1339,1.0,6,0,0.045011,1.083173,4.8774
62600,0,0.028429,0.023333,0.029277,0.021343,5.321588,0.119339,1340,1.0,7,0,0.045011,1.083173,4.8774
62700,0,0.012581,0.048367,0.027136,0.013822,4.874465,1.515711,1342,0.0,0,0,0.045011,1.083173,4.8774
62800,0,0.006476,0.018604,0.015224,0.006302,5.17635,0.07469,1344,0.0,0,0,0.045011,1.083173,4.8774
62900,0,0.008252,0.039442,0.013838,0.002676,5.081499,0.112685,1346,0.0,0,0,0.045011,1.083173,4.8774
63000,0,0.000658,0.026232,0.012777,0.006575,4.789421,0.063386,1347,1.0,1,0,0.045011,1.083173,4.8774
63100,0,0.009528,0.026294,0.005701,0.008177,4.698987,0.082262,1348,1.0,1,0,0.045011,1.083173,4.8774
63200,0,0.015857,0.038217,0.00595,0.008045,4.998711,0.048986,1348,1.0,2,0,0.045011,1.083173,4.8774
63300,0,3e-06,0.021933,0.006087,0.008685,4.930258,0.086489,1348,1.0,2,0,0.045011,1.083173,4.8774
63400,0,0.016986,0.029542,0.000486,0.012394,4.891937,0.076367,1349,1.0,3,0,0.045011,1.083173,4.8774
63500,0,0.004927,0.011952,0.008805,0.00171,5.440771,0.079096,1350,1.0,3,0,0.045011,1.083173,4.8774
63600,0,0.023873,0.00043,0.004225,0.017161,5.103931,0.122168,1350,1.0,4,0,0.045011,1.083173,4.8774
63700,0,0.010826,0.014882,0.019329,0.017445,4.84255,0.124601,1351,1.0,5,0,0.045011,1.083173,4.8774
63800,0,0.019112,0.014594,0.014774,0.019724,5.010646,0.108903,1352,1.0,6,0,0.045011,1.083173,4.8774
63900,0,0.008231,0.00749,0.028166,0.022145,4.823927,0.677974,1354,0.0,0,0,0.045011,1.083173,4.8774
64000,0,0.00832,0.018376,0.008098,0.017274,5.03931,0.057709,1355,1.0,1,0,0.045011,1.083173,4.8774
64100,0,0.01023,0.015552,0.013882,0.010381,5.157063,0.096499,1355,1.0,1,0,0.045011,1.083173,4.8774
64200,0,0.00804,0.026264,0.015091,0.015996,4.726048,0.071406,1355,1.0,1,0,0.045011,1.083173,4.8774
64300,0,0.006057,0.024538,0.008603,0.014917,5.064557,0.064575,1356,1.0,2,0,0.045011,1.083173,4.8774
64400,0,0.001773,0.025606,0.00057,0.003018,5.870184,0.08074,1356,1.0,2,0,0.045011,1.083173,4.8774
64500,0,0.005872,0.034356,0.015228,0.010308,4.81688,0.089337,1357,1.0,2,0,0.045011,1.083173,4.8774
64600,0,0.008798,0.042793,0.017096,0.007812,4.698617,0.092842,1358,1.0,3,0,0.045011,1.083173,4.8774
64700,0,0.000136,0.023803,0.010244,0.000442,4.963154,0.112331,1359,1.0,3,0,0.045011,1.083173,4.8774
64800,0,0.011054,0.050765,0.018003,0.001928,4.917054,0.104279,1360,1.0,4,0,0.045011,1.083173,4.8774
64900,0,0.004167,0.025086,0.015558,0.009995,4.942289,0.108212,1362,1.0,4,0,0.045011,1.083173,4.8774
65000,0,0.004321,0.029329,0.076934,0.012693,5.282495,0.177828,1365,1.0,5,0,0.045011,1.083173,4.8774
65100,0,0.007018,0.011474,0.02556,0.028603,4.830658,0.137365,1367,0.0,0,0,0.045011,1.083173,4.8774
65200,0,0.006286,0.007107,0.015238,0.013483,5.175694,0.07968,1367,1.0,1,0,0.045011,1.083173,4.8774
65300,0,0.001752,0.001504,0.039543,0.025092,5.07301,0.120917,1368,1.0,1,0,0.045011,1.083173,4.8774
65400,0,0.001351,0.007644,0.025158,0.028956,5.054135,0.092391,1368,1.0,1,0,0.045011,1.083173,4.8774
65500,0,0.013384,0.018218,0.02685,0.017135,5.112499,0.085076,1368,1.0,2,0,0.045011,1.083173,4.8774
65600,0,0.00772,0.017522,0.024538,0.019277,4.860969,0.145196,1369,1.0,2,0,0.045011,1.083173,4.8774
65700,0,0.002516,0.006,0.033851,0.027693,4.719948,0.105402,1369,1.0,3,0,0.045011,1.083173,4.8774
65800,0,0.005646,0.014744,0.034793,0.028919,4.870294,0.092206,1371,1.0,3,0,0.045011,1.083173,4.8774
65900,0,0.041958,0.005362,0.032696,0.012081,6.318557,0.150663,1373,1.0,4,0,0.045011,1.083173,4.8774
66000,0,0.001791,0.032867,0.01997,0.019541,4.790308,0.088108,1373,1.0,5,0,0.045011,1.083173,4.8774
66100,0,0.017328,0.027943,0.002945,0.017482,5.2208,0.124922,1375,1.0,5,0,0.045011,1.083173,4.8774
66200,0,0.025734,0.008682,0.011656,0.001364,5.68968,0.20169,1376,1.0,6,0,0.045011,1.083173,4.8774
66300,0,0.060825,0.102805,0.007559,0.003162,5.787746,0.226179,1379,1.0,7,0,0.045011,1.083173,4.8774
66400,0,0.031938,0.020923,0.019853,0.02196,4.775268,1.053665,1382,0.0,0,0,0.045011,1.083173,4.8774
66500,0,0.017074,0.018984,0.021751,0.012184,4.872482,0.047938,1382,1.0,1,0,0.045011,1.083173,4.8774
66600,0,0.019366,0.017329,0.007669,0.022023,5.146326,0.078836,1383,1.0,1,0,0.045011,1.083173,4.8774
66700,0,0.022076,0.005364,0.027887,0.018501,4.857495,0.046463,1384,1.0,1,0,0.045011,1.083173,4.8774
66800,0,0.009195,0.013964,0.016122,0.018406,4.936271,0.071762,1384,1.0,2,0,0.045011,1.083173,4.8774
66900,0,0.011454,0.000987,0.021751,0.021585,4.862934,0.077018,1386,1.0,2,0,0.045011,1.083173,4.8774
67000,0,0.022602,0.006849,0.016913,0.019176,5.061022,0.0563,1386,1.0,3,0,0.045011,1.083173,4.8774
67100,0,0.00072,0.002802,0.020668,0.01759,5.180361,0.109803,1387,1.0,3,0,0.045011,1.083173,4.8774
67200,0,0.013184,0.026239,0.015575,0.022247,4.924442,0.093278,1389,1.0,4,0,0.045011,1.083173,4.8774
67300,0,0.015975,0.022684,0.002624,0.00378,5.47345,0.117857,1390,1.0,4,0,0.045011,1.083173,4.8774
67400,0,0.006258,0.03812,0.001099,0.012582,5.482274,0.265569,1393,1.0,5,0,0.045011,1.083173,4.8774
67500,0,0.022784,0.035362,0.004606,0.004025,4.69972,0.167406,1395,0.0,0,0,0.045011,1.083173,4.8774
67600,0,0.01473,0.049452,0.005378,0.00087,4.820307,0.076736,1397,0.0,0,0,0.045011,1.083173,4.8774
67700,0,0.002668,0.039826,0.019689,0.011752,5.031255,0.059526,1399,0.0,0,0,0.045011,1.083173,4.8774
67800,0,0.020778,0.006302,0.000872,0.01508,4.813255,0.044025,1399,1.0,1,0,0.045011,1.083173,4.8774
67900,0,0.008089,0.03346,0.011902,0.009936,4.946707,0.082433,1399,1.0,1,0,0.045011,1.083173,4.8774
68000,0,0.00781,0.027859,0.017509,0.010659,5.118652,0.081359,1399,1.0,2,0,0.045011,1.083173,4.8774
68100,0,0.006485,0.032758,0.008274,0.01226,6.231788,0.099561,1399,1.0,2,0,0.045011,1.083173,4.8774
68200,0,0.000766,0.031535,0.016551,0.014385,5.008868,0.075236,1400,1.0,2,0,0.045011,1.083173,4.8774
68300,0,0.001269,0.007492,0.003011,0.02121,5.05588,0.134297,1401,1.0,3,0,0.045011,1.083173,4.8774
68400,0,0.025048,0.000209,0.014226,0.017138,5.158144,0.103384,1402,1.0,3,0,0.045011,1.083173,4.8774
68500,0,0.000572,0.002793,0.00502,0.022095,4.979901,0.115661,1403,1.0,4,0,0.045011,1.083173,4.8774
68600,0,0.012054,0.026634,0.00577,0.024069,4.835471,0.114834,1404,1.0,5,0,0.045011,1.083173,4.8774
68700,0,0.001339,0.041376,0.014381,0.022092,4.64081,0.81761,1407,0.0,0,0,0.045011,1.083173,4.8774
68800,0,0.008337,0.037999,0.009396,0.008183,5.109525,0.091506,1410,0.0,0,0,0.045011,1.083173,4.8774
68900,0,0.005265,0.035418,0.026837,0.002804,4.930599,0.064351,1411,0.0,0,0,0.045011,1.083173,4.8774
69000,0,0.005747,0.044863,0.005301,0.001514,4.798695,0.046887,1411,1.0,1,0,0.045011,1.083173,4.8774
69100,0,0.001484,0.028486,0.004522,0.002352,4.896731,0.090686,1412,1.0,1,0,0.045011,1.083173,4.8774
69200,0,0.019031,0.0328,0.020904,0.010544,5.187104,0.063253,1413,1.0,1,0,0.045011,1.083173,4.8774
69300,0,0.017895,0.038162,0.00671,0.002046,5.815543,0.085939,1413,1.0,2,0,0.045011,1.083173,4.8774
69400,0,0.005978,0.028591,0.011893,0.015747,4.908632,0.077934,1414,1.0,2,0,0.045011,1.083173,4.8774
69500,0,0.011082,0.013002,0.017312,0.016015,5.117793,0.118043,1415,1.0,3,0,0.045011,1.083173,4.8774
69600,0,0.01783,0.0052,0.0162,0.010204,5.526521,0.132578,1416,1.0,4,0,0.045011,1.083173,4.8774
69700,0,0.003073,0.034859,0.019186,0.007079,5.311217,0.141958,1417,1.0,4,0,0.045011,1.083173,4.8774
69800,0,0.021738,0.029678,0.003511,0.005523,6.106322,0.213368,1417,1.0,5,0,0.045011,1.083173,4.8774
69900,0,0.003909,0.038995,0.006322,0.006753,5.495721,0.193291,1419,1.0,6,0,0.045011,1.083173,4.8774
70000,0,0.010713,0.04079,0.010826,0.018765,4.658912,0.37416,1422,0.0,0,0,0.045011,1.083173,4.8774
70100,0,0.007547,0.053156,0.00409,0.010076,4.942709,0.089304,1425,0.0,0,0,0.045011,1.083173,4.8774
70200,0,0.009784,0.031861,0.025409,0.001969,4.969589,0.060246,1427,0.0,0,0,0.045011,1.083173,4.8774
70300,0,0.000239,0.041997,0.016349,0.002195,4.75947,0.043362,1427,1.0,1,0,0.045011,1.083173,4.8774
70400,0,0.006628,0.03874,0.017152,0.008395,4.883817,0.086314,1429,1.0,1,0,0.045011,1.083173,4.8774
70500,0,0.015291,0.022578,0.040614,0.014465,5.178144,0.063846,1431,1.0,1,0,0.045011,1.083173,4.8774
70600,0,0.006215,0.028408,0.017091,0.004795,5.417416,0.073053,1431,1.0,2,0,0.045011,1.083173,4.8774
70700,0,0.007212,0.01508,0.033174,0.018419,4.86011,0.064589,1431,1.0,2,0,0.045011,1.083173,4.8774
70800,0,0.01144,0.011427,0.031008,0.02109,4.827704,0.10215,1432,1.0,3,0,0.045011,1.083173,4.8774
70900,0,0.011489,0.015025,0.038504,0.0095,5.149563,0.092944,1433,1.0,3,0,0.045011,1.083173,4.8774
71000,0,0.020889,0.022474,0.007317,0.012372,5.380409,0.26362,1435,1.0,4,0,0.045011,1.083173,4.8774
71100,0,0.019103,0.014995,0.019043,0.006676,5.37497,0.335893,1435,1.0,5,0,0.045011,1.083173,4.8774
71200,0,0.013125,0.018869,0.013087,0.022076,5.011834,0.123174,1437,1.0,6,0,0.045011,1.083173,4.8774
71300,0,0.426773,0.046574,0.07193,0.015174,5.48345,3.055741,1440,0.0,0,0,0.045011,1.083173,4.8774
71400,0,0.011796,0.049476,0.005291,0.004293,5.08855,0.069353,1443,1.0,1,0,0.045011,1.083173,4.8774
71500,0,0.024975,0.050009,0.006773,0.001882,5.318852,0.12305,1446,1.0,1,0,0.045011,1.083173,4.8774
71600,0,0.019157,0.016473,0.016858,0.013902,4.794605,0.098135,1447,1.0,1,0,0.045011,1.083173,4.8774
71700,0,0.002689,0.020337,0.000599,0.014484,4.715579,0.080499,1448,1.0,2,0,0.045011,1.083173,4.8774
71800,0,0.027314,0.016306,0.02443,0.011461,4.784786,0.089666,1449,1.0,2,0,0.045011,1.083173,4.8774
71900,0,0.004429,0.010394,0.012263,0.017366,4.650861,0.079632,1449,1.0,3,0,0.045011,1.083173,4.8774
72000,0,0.019272,0.000351,0.020073,0.024777,4.817389,0.06905,1450,1.0,3,0,0.045011,1.083173,4.8774
72100,0,0.009294,0.035056,0.00204,0.000541,6.136251,0.234725,1451,1.0,4,0,0.045011,1.083173,4.8774
72200,0,0.002742,0.010593,0.020565,0.023408,4.604578,0.105366,1451,1.0,5,0,0.045011,1.083173,4.8774
72300,0,0.015941,0.020553,0.022082,0.029057,4.829588,0.122912,1453,1.0,6,0,0.045011,1.083173,4.8774
72400,0,0.011713,0.012428,0.002292,0.007044,5.159238,0.21572,1455,1.0,7,0,0.045011,1.083173,4.8774
72500,0,0.005361,0.041004,0.011572,0.008676,5.686347,0.190492,1456,1.0,8,0,0.045011,1.083173,4.8774
72600,0,0.005169,0.053618,0.00671,0.011269,5.078557,0.055824,1460,0.0,0,0,0.045011,1.083173,4.8774
72700,0,0.008909,0.039617,0.015371,0.003374,4.565859,0.054492,1462,1.0,1,0,0.045011,1.083173,4.8774
72800,0,0.019908,0.026631,0.005126,0.007112,4.956779,0.127621,1462,1.0,1,0,0.045011,1.083173,4.8774
72900,0,0.013987,0.026918,0.011559,0.005027,5.893877,0.134363,1465,1.0,1,0,0.045011,1.083173,4.8774
73000,0,0.023084,0.00976,0.010207,0.011281,4.991668,0.078667,1465,1.0,2,0,0.045011,1.083173,4.8774
73100,0,0.004984,0.01588,0.009825,0.014557,4.676611,0.101266,1465,1.0,2,0,0.045011,1.083173,4.8774
73200,0,0.005718,0.023766,0.007349,0.009509,5.129509,0.114328,1466,1.0,3,0,0.045011,1.083173,4.8774
73300,0,0.023382,0.006592,0.014769,0.011139,5.040277,0.079666,1466,1.0,3,0,0.045011,1.083173,4.8774
73400,0,0.016321,0.001796,0.003048,0.005093,5.842398,0.147772,1467,1.0,4,0,0.045011,1.083173,4.8774
73500,0,0.01939,0.031359,0.006775,0.006978,5.509521,0.159545,1467,1.0,5,0,0.045011,1.083173,4.8774
73600,0,0.028171,0.007305,0.019059,0.008881,5.22717,0.14958,1468,1.0,5,0,0.045011,1.083173,4.8774
73700,0,0.000145,0.0121,0.045362,0.020913,4.825291,0.131893,1470,1.0,6,0,0.045011,1.083173,4.8774
73800,0,0.007033,0.018911,0.012656,0.003155,5.542533,0.212149,1470,1.0,7,0,0.045011,1.083173,4.8774
73900,0,0.027832,0.016473,0.000606,0.017818,5.123362,0.239439,1473,1.0,9,0,0.045011,1.083173,4.8774
74000,0,0.010939,0.037845,0.018744,0.015059,4.784495,0.058115,1476,0.0,0,0,0.045011,1.083173,4.8774
74100,0,0.002476,0.033674,0.022657,0.002865,4.701799,0.064867,1478,1.0,1,0,0.045011,1.083173,4.8774
74200,0,0.015412,0.026714,0.008423,0.001544,4.869306,0.058746,1478,1.0,1,0,0.045011,1.083173,4.8774
74300,0,0.007823,0.050791,0.004913,0.003049,5.285575,0.086438,1479,1.0,2,0,0.045011,1.083173,4.8774
74400,0,0.028553,0.017231,0.007549,0.020735,5.346137,0.106109,1480,1.0,2,0,0.045011,1.083173,4.8774
74500,0,0.000986,0.028384,0.002577,0.009487,5.013547,0.065242,1481,1.0,2,0,0.045011,1.083173,4.8774
74600,0,0.047921,0.017326,0.021571,0.01139,5.688693,0.134633,1482,1.0,3,0,0.045011,1.083173,4.8774
74700,0,0.022854,0.01948,0.006242,0.009194,5.018179,0.09013,1482,1.0,4,0,0.045011,1.083173,4.8774
74800,0,0.022578,0.011057,0.01858,0.011042,4.806074,0.114038,1483,1.0,4,0,0.045011,1.083173,4.8774
74900,0,0.006373,0.009535,0.02699,0.013742,5.732924,0.269329,1484,1.0,5,0,0.045011,1.083173,4.8774
75000,0,0.022706,0.01126,0.005177,0.010397,5.700904,0.182942,1484,1.0,6,0,0.045011,1.083173,4.8774
75100,0,0.013631,0.012692,0.018114,0.022752,5.132776,0.196838,1485,1.0,7,0,0.045011,1.083173,4.8774
75200,0,0.010569,0.022424,0.028237,0.023358,4.666361,0.214154,1488,1.0,8,0,0.045011,1.083173,4.8774
75300,0,0.018742,0.035471,0.003557,0.006621,4.739334,0.235842,1490,1.0,10,0,0.045011,1.083173,4.8774
75400,0,0.008162,0.019444,0.017297,0.005971,5.37366,0.080744,1492,0.0,0,0,0.045011,1.083173,4.8774
75500,0,0.006607,0.033883,0.005033,0.001033,4.625501,0.059032,1493,1.0,1,0,0.045011,1.083173,4.8774
75600,0,0.002471,0.03578,0.009377,0.000864,4.644369,0.065839,1493,1.0,1,0,0.045011,1.083173,4.8774
75700,0,0.015285,0.039584,0.006911,0.000811,5.147746,0.091639,1494,1.0,2,0,0.045011,1.083173,4.8774
75800,0,0.032108,0.013965,0.001862,0.00403,5.867966,0.134463,1494,1.0,2,0,0.045011,1.083173,4.8774
75900,0,0.009807,0.036019,0.00471,0.000654,4.973979,0.06641,1494,1.0,2,0,0.045011,1.083173,4.8774
76000,0,0.022904,0.035991,0.00643,0.000275,5.271513,0.131563,1494,1.0,3,0,0.045011,1.083173,4.8774
76100,0,0.0197,0.035789,0.023867,0.001824,5.231709,0.115407,1496,1.0,4,0,0.045011,1.083173,4.8774
76200,0,0.010227,0.013287,0.012202,0.011531,4.893421,0.136462,1496,1.0,4,0,0.045011,1.083173,4.8774
76300,0,0.004632,0.027619,0.001809,0.004908,5.032544,0.138394,1497,1.0,5,0,0.045011,1.083173,4.8774
76400,0,0.014853,0.014205,0.01767,0.002028,5.523472,0.164398,1498,1.0,6,0,0.045011,1.083173,4.8774
76500,0,0.008348,0.039377,0.000259,0.002333,5.512599,0.196579,1498,1.0,7,0,0.045011,1.083173,4.8774
76600,0,0.006879,0.019164,0.022437,0.014475,4.609933,0.26211,1501,0.0,0,0,0.045011,1.083173,4.8774
76700,0,0.002485,0.011345,0.014319,0.005197,5.116942,0.077614,1502,1.0,1,0,0.045011,1.083173,4.8774
76800,0,0.011737,0.039823,0.025203,0.008432,5.247503,0.122465,1503,1.0,1,0,0.045011,1.083173,4.8774
76900,0,0.014551,0.016846,0.022289,0.008129,5.04442,0.068795,1503,1.0,1,0,0.045011,1.083173,4.8774
77000,0,0.00308,0.03135,0.022546,0.014091,4.936519,0.114788,1505,1.0,2,0,0.045011,1.083173,4.8774
77100,0,0.007398,0.031454,0.003523,0.011033,4.797277,0.078847,1506,1.0,2,0,0.045011,1.083173,4.8774
77200,0,0.010776,0.037168,0.00323,0.003348,5.335999,0.123934,1506,1.0,3,0,0.045011,1.083173,4.8774
77300,0,0.002366,0.021285,0.014885,0.009199,5.127616,0.147287,1507,1.0,4,0,0.045011,1.083173,4.8774
77400,0,0.00529,0.042404,0.008916,0.007563,5.217548,0.124261,1508,1.0,4,0,0.045011,1.083173,4.8774
77500,0,0.016017,0.033006,0.009105,0.002943,5.274087,0.14846,1508,1.0,5,0,0.045011,1.083173,4.8774
77600,0,0.002413,0.035738,0.002633,0.006882,5.115895,0.145955,1509,1.0,6,0,0.045011,1.083173,4.8774
77700,0,0.000236,0.029319,0.024614,0.007361,4.915463,0.13869,1510,1.0,7,0,0.045011,1.083173,4.8774
77800,0,0.012067,0.013391,0.025534,0.022102,5.230587,0.529321,1513,1.0,8,0,0.045011,1.083173,4.8774
77900,0,0.00377,0.009965,0.004121,0.019182,4.802831,0.304775,1514,1.0,10,0,0.045011,1.083173,4.8774
78000,0,0.001216,0.008628,0.000495,0.023482,4.820746,0.109868,1516,0.0,0,0,0.045011,1.083173,4.8774
78100,0,0.000969,0.016815,0.002327,0.023885,4.646947,0.056255,1516,1.0,1,0,0.045011,1.083173,4.8774
78200,0,0.03317,0.014385,0.001846,0.020365,5.594668,0.099827,1517,1.0,1,0,0.045011,1.083173,4.8774
78300,0,0.007306,0.013058,0.003219,0.017368,4.772641,0.04381,1517,1.0,1,0,0.045011,1.083173,4.8774
78400,0,0.001138,0.018611,0.004959,0.020831,4.797144,0.071432,1517,1.0,2,0,0.045011,1.083173,4.8774
78500,0,0.000388,0.013874,0.000294,0.024095,5.315903,0.109699,1517,1.0,2,0,0.045011,1.083173,4.8774
78600,0,0.014091,0.030586,0.019591,0.008221,5.299955,0.059831,1517,1.0,2,0,0.045011,1.083173,4.8774
78700,0,0.001087,0.027686,0.002387,0.019391,4.857686,0.088123,1518,1.0,3,0,0.045011,1.083173,4.8774
78800,0,0.005135,0.023284,0.004682,0.021025,4.758832,0.071781,1519,1.0,3,0,0.045011,1.083173,4.8774
78900,0,0.001487,0.025131,0.012029,0.013729,5.048522,0.10795,1520,1.0,4,0,0.045011,1.083173,4.8774
79000,0,0.028739,0.037453,0.040758,0.015055,5.143722,0.097423,1521,1.0,4,0,0.045011,1.083173,4.8774
79100,0,0.021534,0.026132,0.004844,0.008868,5.608819,0.119406,1521,0.0,0,0,0.045011,1.083173,4.8774
79200,0,0.000863,0.02237,0.007496,0.006356,5.041087,0.095989,1521,0.0,0,0,0.045011,1.083173,4.8774
79300,0,0.001375,0.022288,0.010694,0.008284,4.721425,0.045399,1521,1.0,1,0,0.045011,1.083173,4.8774
79400,0,0.0052,0.01946,0.00697,0.010937,5.398157,0.194717,1521,1.0,1,0,0.045011,1.083173,4.8774
79500,0,0.001654,0.031214,0.003887,0.01187,4.854323,0.067194,1521,1.0,1,0,0.045011,1.083173,4.8774
79600,0,0.003723,0.017673,0.006126,0.003973,5.241516,0.062747,1521,1.0,2,0,0.045011,1.083173,4.8774
79700,0,0.003026,0.03186,0.014812,0.008067,4.59793,0.104589,1521,1.0,2,0,0.045011,1.083173,4.8774
79800,0,0.004906,0.029993,0.001817,0.007641,4.636982,0.103505,1522,1.0,3,0,0.045011,1.083173,4.8774
79900,0,0.000499,0.027509,0.011886,0.000245,5.516751,0.136544,1522,1.0,3,0,0.045011,1.083173,4.8774
80000,0,0.033095,0.021916,0.008898,0.00578,5.580277,0.172602,1523,1.0,4,0,0.045011,1.083173,4.8774
80100,0,0.006647,0.020609,0.007349,0.004709,4.59731,0.120387,1524,0.0,0,0,0.045011,1.083173,4.8774
80200,0,0.005481,0.0239,0.01439,0.004694,4.885068,0.063831,1525,0.0,0,0,0.045011,1.083173,4.8774
80300,0,0.012276,0.014829,0.005958,0.009564,5.058978,0.082885,1525,1.0,1,0,0.045011,1.083173,4.8774
80400,0,0.001652,0.01609,0.006466,0.005093,5.085185,0.101119,1525,1.0,1,0,0.045011,1.083173,4.8774
80500,0,0.001263,0.003288,0.006043,0.014556,4.615816,0.109915,1526,1.0,1,0,0.045011,1.083173,4.8774
80600,0,0.007257,0.006045,0.001506,0.01489,4.758924,0.067891,1526,1.0,2,0,0.045011,1.083173,4.8774
80700,0,0.006929,0.030476,0.010742,0.001222,5.434713,0.155844,1526,1.0,2,0,0.045011,1.083173,4.8774
80800,0,0.00647,0.001571,0.00357,0.008373,5.144424,0.12542,1527,1.0,3,0,0.045011,1.083173,4.8774
80900,0,0.008029,0.003296,0.015778,0.012197,5.139633,0.17907,1527,1.0,4,0,0.045011,1.083173,4.8774
81000,0,0.007657,0.006802,0.002192,0.00601,5.135158,0.12215,1527,1.0,4,0,0.045011,1.083173,4.8774
81100,0,0.020413,0.004622,0.00341,0.003106,5.7381,0.31715,1528,1.0,5,0,0.045011,1.083173,4.8774
81200,0,0.007944,0.019218,0.006525,0.01511,5.626769,0.286289,1529,1.0,6,0,0.045011,1.083173,4.8774
81300,0,0.007728,0.02855,0.010931,0.01054,4.838747,0.181094,1531,1.0,7,0,0.045011,1.083173,4.8774
81400,0,0.004372,0.022554,0.035456,0.022784,4.728355,0.23292,1533,1.0,9,0,0.045011,1.083173,4.8774
81500,0,0.066388,0.029941,0.058786,0.002842,5.52684,0.316669,1535,0.0,0,0,0.045011,1.083173,4.8774
81600,0,0.001059,0.067364,0.010016,0.002289,5.519919,0.126912,1537,1.0,1,0,0.045011,1.083173,4.8774
81700,0,0.013206,0.036325,0.003019,0.01164,5.384073,0.100342,1537,1.0,1,0,0.045011,1.083173,4.8774
81800,0,0.008839,0.016212,0.016325,0.002075,4.670674,0.118893,1538,1.0,1,0,0.045011,1.083173,4.8774
81900,0,0.000494,0.028626,0.017023,0.005037,4.602977,0.105301,1539,1.0,2,0,0.045011,1.083173,4.8774
82000,0,0.014843,0.022379,0.012826,0.002284,4.78442,0.064965,1540,1.0,2,0,0.045011,1.083173,4.8774
82100,0,0.002497,0.018926,0.006182,0.007815,4.686784,0.089943,1540,1.0,3,0,0.045011,1.083173,4.8774
82200,0,0.015738,0.006508,0.009019,0.002652,4.648845,0.103407,1541,1.0,3,0,0.045011,1.083173,4.8774
82300,0,0.037371,0.016982,0.009622,0.000503,6.127101,0.144695,1541,1.0,4,0,0.045011,1.083173,4.8774
82400,0,0.007978,0.001262,0.009925,0.007485,4.613759,0.102347,1542,1.0,5,0,0.045011,1.083173,4.8774
82500,0,0.010312,0.010213,0.00265,0.001705,5.067149,0.209255,1543,1.0,6,0,0.045011,1.083173,4.8774
82600,0,0.027213,0.007602,0.00966,5e-06,5.100653,0.182902,1544,1.0,6,0,0.045011,1.083173,4.8774
82700,0,0.013517,0.030516,0.013708,0.013655,4.86623,0.156856,1546,1.0,8,0,0.045011,1.083173,4.8774
82800,0,0.023116,0.013693,0.011273,0.022435,5.446854,0.710578,1549,1.0,9,0,0.045011,1.083173,4.8774
82900,0,0.000901,0.03948,0.027212,0.019219,5.385583,0.457763,1551,1.0,11,0,0.045011,1.083173,4.8774
83000,0,0.010436,0.024138,0.001874,0.000223,5.287675,0.108417,1553,0.0,0,0,0.045011,1.083173,4.8774
83100,0,0.008047,0.014139,0.013625,0.002686,4.770479,0.05873,1553,1.0,1,0,0.045011,1.083173,4.8774
83200,0,0.009733,0.028109,0.000894,0.012547,5.443392,0.117341,1553,1.0,1,0,0.045011,1.083173,4.8774
83300,0,0.004315,0.030948,0.007884,0.000288,4.920217,0.085201,1553,1.0,1,0,0.045011,1.083173,4.8774
83400,0,0.006911,0.019227,0.018994,0.005921,5.139276,0.074109,1553,1.0,2,0,0.045011,1.083173,4.8774
83500,0,0.016122,0.021605,0.001503,0.009725,5.734086,0.137205,1553,1.0,2,0,0.045011,1.083173,4.8774
83600,0,0.003992,0.031377,0.004565,0.000568,5.101329,0.100823,1553,1.0,2,0,0.045011,1.083173,4.8774
83700,0,0.007011,0.01049,0.015575,0.000166,4.979362,0.149625,1554,0.0,0,0,0.045011,1.083173,4.8774
83800,0,0.005892,0.027272,0.011531,0.004992,4.706109,0.075345,1554,0.0,0,0,0.045011,1.083173,4.8774
83900,0,0.010642,0.019312,0.019554,0.011946,4.844911,0.047422,1554,0.0,0,0,0.045011,1.083173,4.8774
84000,0,0.007621,0.013075,0.012582,0.005171,4.848799,0.036832,1554,1.0,1,0,0.045011,1.083173,4.8774
84100,0,0.005585,0.02961,0.005867,0.000665,5.096633,0.100135,1554,1.0,1,0,0.045011,1.083173,4.8774
84200,0,0.006675,0.017427,0.018566,0.010966,4.747235,0.053366,1554,1.0,1,0,0.045011,1.083173,4.8774
84300,0,0.002551,0.016765,0.015308,0.003964,5.56366,0.111706,1555,1.0,2,0,0.045011,1.083173,4.8774
84400,0,0.006477,0.024844,0.0087,0.007577,4.756706,0.096457,1555,1.0,2,0,0.045011,1.083173,4.8774
84500,0,0.006025,0.011879,0.009974,0.016003,4.62815,1.055377,1556,0.0,0,0,0.045011,1.083173,4.8774
84600,0,0.010414,0.003893,0.013139,0.018775,4.8366,0.038029,1556,1.0,1,0,0.045011,1.083173,4.8774
84700,0,0.007774,0.017737,0.002874,0.006623,5.065486,0.087013,1556,1.0,1,0,0.045011,1.083173,4.8774
84800,0,0.004235,0.011377,0.01289,0.009643,4.841023,0.042868,1556,1.0,1,0,0.045011,1.083173,4.8774
84900,0,0.019428,0.000124,0.015144,0.019025,4.986062,0.060577,1556,1.0,2,0,0.045011,1.083173,4.8774
85000,0,0.004648,0.018441,0.018793,0.009692,4.836866,0.09666,1556,1.0,2,0,0.045011,1.083173,4.8774
85100,0,0.002218,0.009443,0.013593,0.00987,5.094593,0.062143,1556,1.0,2,0,0.045011,1.083173,4.8774
85200,0,0.007267,0.000548,0.005301,0.016093,4.712914,0.060576,1557,1.0,3,0,0.045011,1.083173,4.8774
85300,0,0.00994,0.004574,0.002268,0.011051,4.903547,0.112643,1558,1.0,3,0,0.045011,1.083173,4.8774
85400,0,0.013555,0.009103,0.007443,0.004635,5.719544,0.153248,1558,1.0,4,0,0.045011,1.083173,4.8774
85500,0,0.012567,0.032321,0.000957,0.006001,5.29435,0.155788,1558,1.0,4,0,0.045011,1.083173,4.8774
85600,0,0.013701,0.017306,0.005787,0.026664,4.861701,0.127151,1560,0.0,0,0,0.045011,1.083173,4.8774
85700,0,0.007145,0.023753,0.020404,0.010552,4.798724,0.083322,1562,1.0,1,0,0.045011,1.083173,4.8774
85800,0,0.004503,0.009701,0.002251,0.019634,4.698457,0.152296,1562,1.0,1,0,0.045011,1.083173,4.8774
85900,0,0.00322,0.034447,0.011577,0.007178,4.935431,0.076628,1563,1.0,2,0,0.045011,1.083173,4.8774
86000,0,0.002836,0.017585,0.008312,0.001388,5.196298,0.109791,1564,1.0,2,0,0.045011,1.083173,4.8774
86100,0,0.007206,0.038967,0.002315,0.005965,4.971796,0.091989,1565,1.0,3,0,0.045011,1.083173,4.8774
86200,0,0.000645,0.024876,0.017354,0.004998,5.54416,0.210595,1566,1.0,3,0,0.045011,1.083173,4.8774
86300,0,0.009965,0.032393,0.006249,0.004827,4.882064,0.095875,1566,1.0,4,0,0.045011,1.083173,4.8774
86400,0,0.012892,0.031332,0.013157,0.00472,4.885682,0.104469,1566,1.0,4,0,0.045011,1.083173,4.8774
86500,0,0.011541,0.012751,0.01477,0.004031,5.362753,0.288258,1567,1.0,5,0,0.045011,1.083173,4.8774
86600,0,0.011652,0.00079,0.002271,0.002281,5.837143,0.292662,1568,1.0,6,0,0.045011,1.083173,4.8774
86700,0,0.016324,0.020183,0.009938,0.011999,4.91337,0.257323,1569,1.0,7,0,0.045011,1.083173,4.8774
86800,0,0.002693,0.010549,0.014036,0.028818,4.96674,0.166254,1570,1.0,8,0,0.045011,1.083173,4.8774
86900,0,0.013685,0.019438,0.00095,0.0244,5.075663,0.630066,1573,1.0,10,0,0.045011,1.083173,4.8774
87000,0,0.425154,0.06587,0.007572,0.09154,5.393863,3.155191,1575,0.0,0,0,0.045011,1.083173,4.8774
87100,0,0.009986,0.0028,0.016352,0.005833,5.440059,0.103024,1577,0.0,0,0,0.045011,1.083173,4.8774
87200,0,0.006097,0.03232,0.002916,0.017251,4.831043,0.120489,1577,0.0,0,0,0.045011,1.083173,4.8774
87300,0,0.001451,0.023521,0.002214,0.007369,4.686694,0.163814,1577,1.0,1,0,0.045011,1.083173,4.8774
87400,0,0.01023,0.027853,0.017029,0.008038,4.643332,0.09053,1578,1.0,1,0,0.045011,1.083173,4.8774
87500,0,0.00294,0.03325,0.004748,0.005657,4.7321,0.247427,1578,1.0,2,0,0.045011,1.083173,4.8774
87600,0,0.009308,0.029399,0.010603,0.00781,4.677588,0.111289,1578,1.0,2,0,0.045011,1.083173,4.8774
87700,0,0.002359,0.016619,0.009616,0.003101,4.701762,0.12177,1579,1.0,3,0,0.045011,1.083173,4.8774
87800,0,0.009912,0.016178,0.005932,0.0001,5.117788,0.110013,1579,1.0,3,0,0.045011,1.083173,4.8774
87900,0,0.001821,0.025972,0.010113,0.000299,4.672019,0.118043,1579,1.0,4,0,0.045011,1.083173,4.8774
88000,0,0.007996,0.010758,0.009942,0.007395,5.517552,0.28327,1580,1.0,5,0,0.045011,1.083173,4.8774
88100,0,0.046662,0.015177,0.007449,0.007678,5.867822,0.176403,1582,1.0,6,0,0.045011,1.083173,4.8774
88200,0,0.024201,0.009165,0.00849,0.006583,5.194569,0.327092,1583,1.0,7,0,0.045011,1.083173,4.8774
88300,0,0.003963,0.019648,0.013409,0.00676,5.491878,0.492154,1584,1.0,9,0,0.045011,1.083173,4.8774
88400,0,0.009547,0.016544,0.006647,0.002767,5.015091,0.380255,1586,1.0,11,0,0.045011,1.083173,4.8774
88500,0,0.009273,0.024683,0.000392,0.018969,5.160293,0.073589,1587,0.0,0,0,0.045011,1.083173,4.8774
88600,0,0.009202,0.028782,0.00143,0.014192,4.580828,0.125336,1588,0.0,0,0,0.045011,1.083173,4.8774
88700,0,0.000485,0.01468,0.000224,0.008089,4.662309,0.15077,1588,1.0,1,0,0.045011,1.083173,4.8774
88800,0,0.026192,0.029165,0.00471,0.010248,5.55509,0.136935,1589,1.0,1,0,0.045011,1.083173,4.8774
88900,0,0.002844,0.02683,0.000961,0.002651,4.908344,0.127259,1589,1.0,1,0,0.045011,1.083173,4.8774
89000,0,0.004866,0.034433,0.000977,0.010688,5.032754,0.070691,1589,1.0,2,0,0.045011,1.083173,4.8774
89100,0,0.005326,0.011493,0.01509,0.002824,4.848954,0.091764,1591,1.0,2,0,0.045011,1.083173,4.8774
89200,0,0.023746,0.011922,0.007908,0.004442,6.137248,0.136143,1591,1.0,3,0,0.045011,1.083173,4.8774
89300,0,0.011858,0.026228,0.009151,0.003972,4.917112,0.103236,1592,1.0,4,0,0.045011,1.083173,4.8774
89400,0,0.010934,0.005052,0.007816,0.007083,5.074168,0.152297,1594,1.0,4,0,0.045011,1.083173,4.8774
89500,0,0.023999,0.026641,5.9e-05,6.3e-05,6.249288,0.180576,1595,1.0,5,0,0.045011,1.083173,4.8774
89600,0,0.015877,0.030803,0.002044,0.010213,5.526206,0.280495,1596,1.0,6,0,0.045011,1.083173,4.8774
89700,0,0.004135,0.00567,0.008388,0.008553,5.078782,0.079787,1597,0.0,0,0,0.045011,1.083173,4.8774
89800,0,0.007246,0.003735,0.009431,0.017055,4.725779,0.115636,1598,0.0,0,0,0.045011,1.083173,4.8774
89900,0,0.013776,0.013957,0.005091,0.01325,4.977699,0.103963,1598,1.0,1,0,0.045011,1.083173,4.8774
90000,0,0.015219,0.000489,0.01216,0.006194,5.512628,0.200569,1598,1.0,1,0,0.045011,1.083173,4.8774
90100,0,0.002277,0.003758,0.01814,0.015334,5.012088,0.091443,1598,1.0,1,0,0.045011,1.083173,4.8774
90200,0,5.2e-05,0.00599,0.022415,0.012798,4.927148,0.060751,1598,1.0,2,0,0.045011,1.083173,4.8774
90300,0,0.018703,0.042865,0.011249,0.00835,5.673447,0.176026,1599,1.0,2,0,0.045011,1.083173,4.8774
90400,0,0.007742,0.00076,0.003688,0.000113,5.231618,0.125833,1599,1.0,3,0,0.045011,1.083173,4.8774
90500,0,0.012013,0.022557,0.005135,0.017116,4.909059,0.126404,1600,1.0,3,0,0.045011,1.083173,4.8774
90600,0,0.001691,0.008644,0.006326,0.018372,4.733265,0.105091,1600,1.0,4,0,0.045011,1.083173,4.8774
90700,0,0.000812,0.032193,0.005827,0.003015,4.647879,0.109071,1601,1.0,4,0,0.045011,1.083173,4.8774
90800,0,0.005439,0.02914,0.044202,0.008314,5.552375,0.123158,1603,1.0,5,0,0.045011,1.083173,4.8774
90900,0,0.014287,0.023946,0.008195,0.002906,5.129854,0.084788,1605,0.0,0,0,0.045011,1.083173,4.8774
91000,0,0.005315,0.018656,0.026201,0.00466,4.832767,0.098859,1606,0.0,0,0,0.045011,1.083173,4.8774
91100,0,0.003687,0.02517,0.003898,0.011712,4.867708,0.146644,1606,0.0,0,0,0.045011,1.083173,4.8774
91200,0,0.011339,0.014136,0.009348,0.000936,5.471234,0.179409,1606,1.0,1,0,0.045011,1.083173,4.8774
91300,0,0.001533,0.020888,0.026633,0.003589,5.292185,0.055095,1607,1.0,1,0,0.038575,0.952587,5.3088
91400,0,0.018571,0.012008,0.003122,0.006689,5.513823,0.086046,1607,1.0,1,0,0.038575,0.952587,5.3088
91500,0,0.004298,0.023355,0.012875,0.019517,4.697655,0.071507,1607,1.0,2,0,0.038575,0.952587,5.3088
91600,0,0.011291,0.016632,0.033022,0.014864,4.659383,0.118338,1607,1.0,2,0,0.038575,0.952587,5.3088
91700,0,0.013806,0.025365,0.019885,0.006933,5.538737,0.065396,1608,1.0,2,0,0.038575,0.952587,5.3088
91800,0,0.008799,0.023802,0.017392,0.02087,4.630731,0.110692,1608,1.0,2,0,0.013362,1.062392,6.8004
91900,0,0.007999,0.000873,0.0105,0.003023,5.501535,0.133987,1608,1.0,2,0,0.013362,1.062392,6.8004
92000,0,0.002133,0.015575,0.015158,0.024912,4.836175,0.069512,1608,1.0,2,0,0.013362,1.062392,6.8004
92100,0,0.000209,0.010567,0.007902,0.024633,4.844056,0.135441,1608,1.0,3,0,0.013362,1.062392,6.8004
92200,0,0.004365,0.034273,0.009614,0.026376,4.647551,0.217598,1608,1.0,3,0,0.003345,1.071122,4.6088
92300,0,0.007936,0.03433,0.027836,0.018957,4.717517,0.28847,1608,1.0,3,0,0.007405,0.944942,5.5717
92400,0,0.013729,0.018055,0.006712,0.002175,5.531263,0.071603,1608,1.0,3,0,0.000925,1.068651,4.1242
92500,0,0.014497,0.021072,0.026181,0.017315,4.863173,0.035488,1608,1.0,3,0,0.000925,1.068651,4.1242
92600,0,0.012837,0.019667,0.020445,0.002645,5.355028,0.130927,1608,1.0,3,0,0.026563,1.075972,5.071
92700,0,0.007595,0.031061,0.019816,0.017534,4.849176,0.159406,1608,1.0,3,0,-0.048669,0.972303,4.1799
