rally_num,frame,outcome,hit_ratio
1,271,miss,0.0
2,355,miss,0.0
3,654,miss,0.0
4,912,miss,0.0
5,1167,hit,1.0
6,1510,miss,0.0
7,1510,hit,0.0
8,1579,hit,1.0
9,1884,miss,0.0
10,1884,hit,0.0
11,2180,miss,0.0
12,2479,miss,0.0
13,2737,hit,1.0
14,3084,miss,0.0
15,3084,hit,0.0
16,3327,miss,0.0
17,3396,hit,1.0
18,3701,miss,0.0
19,3701,hit,0.0
20,4015,hit,1.0
21,4438,miss,0.0
22,4438,hit,0.0
23,4761,miss,0.0
24,5046,miss,0.0
25,5133,miss,0.0
26,5373,miss,0.0
27,5599,hit,1.0
28,5893,hit,1.0
29,6187,hit,1.0
30,6490,hit,1.0
31,7102,miss,0.0
32,7102,hit,0.0
33,7400,hit,1.0
34,8054,miss,0.0
35,8054,hit,0.0
36,8145,miss,0.0
37,8217,hit,1.0
38,8494,miss,0.0
39,8494,hit,0.0
40,8580,hit,1.0
41,8886,hit,1.0
42,9144,miss,0.0
43,9144,hit,0.0
44,9217,hit,1.0
45,9487,hit,1.0
46,9716,miss,0.0
47,9716,hit,0.0
48,9790,hit,1.0
49,10066,hit,1.0
50,10299,miss,0.0
51,10299,hit,0.0
52,10585,miss,0.0
53,10835,hit,1.0
54,11114,miss,0.0
55,11114,hit,0.0
56,11353,hit,1.0
57,11619,miss,0.0
58,11619,hit,0.0
59,11708,hit,1.0
60,12038,hit,1.0
61,12315,miss,0.0
62,12315,hit,0.0
63,12403,miss,0.0
64,12488,miss,0.0
65,12576,miss,0.0
66,12812,miss,0.0
67,13042,miss,0.0
68,13258,hit,1.0
69,13493,hit,1.0
70,13693,miss,0.0
71,13693,hit,0.0
72,13959,miss,0.0
73,14032,hit,1.0
74,14312,miss,0.0
75,14312,hit,0.0
76,14382,hit,1.0
77,14643,hit,1.0
78,14864,miss,0.0
79,14864,hit,0.0
80,14955,miss,0.0
81,15027,hit,1.0
82,15303,miss,0.0
83,15303,hit,0.0
84,15374,hit,1.0
85,15647,miss,0.0
86,15647,hit,0.0
87,15875,hit,1.0
88,16129,miss,0.0
89,16129,hit,0.0
90,16411,hit,1.0
91,16714,hit,1.0
92,16962,hit,1.0
93,17166,hit,1.0
94,17340,miss,0.0
95,17340,hit,0.0
96,17558,hit,1.0
97,17794,hit,1.0
98,17989,hit,1.0
99,18151,hit,1.0
100,18285,hit,1.0
101,18402,miss,0.0
102,18402,hit,0.0
103,18678,hit,1.0
104,18974,hit,1.0
105,19224,miss,0.0
106,19224,hit,0.0
107,19522,hit,1.0
108,19852,miss,0.0
109,19852,hit,0.0
110,19922,hit,1.0
111,20181,hit,1.0
112,20394,hit,1.0
113,20570,hit,1.0
114,20717,hit,1.0
115,20840,hit,1.0
116,20947,miss,0.0
117,20947,hit,0.0
118,21165,hit,1.0
119,21410,miss,0.0
120,21410,hit,0.0
121,21481,hit,1.0
122,21744,hit,1.0
123,21961,hit,1.0
124,22140,hit,1.0
125,22289,hit,1.0
126,22413,hit,1.0
127,22520,miss,0.0
128,22520,hit,0.0
129,22823,hit,1.0
130,23158,miss,0.0
131,23158,hit,0.0
132,23234,hit,1.0
133,23514,hit,1.0
134,23744,hit,1.0
135,23940,miss,0.0
136,23940,hit,0.0
137,24160,hit,1.0
138,24397,hit,1.0
139,24599,miss,0.0
140,24599,hit,0.0
141,24678,hit,1.0
142,24980,miss,0.0
143,24980,hit,0.0
144,25205,miss,0.0
145,25298,hit,1.0
146,25640,hit,1.0
147,25918,hit,1.0
148,26145,hit,1.0
149,26333,hit,1.0
150,26495,miss,0.0
151,26495,hit,0.0
152,26567,hit,1.0
153,26832,hit,1.0
154,27050,hit,1.0
155,27230,hit,1.0
156,27380,hit,1.0
157,27505,hit,1.0
158,27614,miss,0.0
159,27614,hit,0.0
160,27871,hit,1.0
161,28147,hit,1.0
162,28374,hit,1.0
163,28561,hit,1.0
164,28721,miss,0.0
165,28721,hit,0.0
166,28814,hit,1.0
167,29158,hit,1.0
168,29438,hit,1.0
169,29667,hit,1.0
170,29862,miss,0.0
171,29862,hit,0.0
172,30162,hit,1.0
173,30483,hit,1.0
174,30745,hit,1.0
175,30968,miss,0.0
176,30968,hit,0.0
177,31193,hit,1.0
178,31437,hit,1.0
179,31637,hit,1.0
180,31803,hit,1.0
181,31941,hit,1.0
182,32056,hit,1.0
183,32154,hit,1.0
184,32239,miss,0.0
185,32239,hit,0.0
186,32327,miss,0.0
187,32420,hit,1.0
188,32764,hit,1.0
189,33043,hit,1.0
190,33272,hit,1.0
191,33461,hit,1.0
192,33623,miss,0.0
193,33623,hit,0.0
194,33846,hit,1.0
195,34088,hit,1.0
196,34293,miss,0.0
197,34293,hit,0.0
198,34522,hit,1.0
199,34770,hit,1.0
200,34974,hit,1.0
201,35142,hit,1.0
202,35282,hit,1.0
203,35403,miss,0.0
204,35403,hit,0.0
205,35485,hit,1.0
206,35789,hit,1.0
207,36045,miss,0.0
208,36045,hit,0.0
209,36272,miss,0.0
210,36546,hit,1.0
211,36841,hit,1.0
212,37084,hit,1.0
213,37289,miss,0.0
214,37289,hit,0.0
215,37508,hit,1.0
216,37746,hit,1.0
217,37942,hit,1.0
218,38104,hit,1.0
219,38240,hit,1.0
220,38353,hit,1.0
221,38449,hit,1.0
222,38529,hit,1.0
223,38596,hit,1.0
224,38653,hit,1.0
225,38701,hit,1.0
226,38743,miss,0.0
227,38743,hit,0.0
228,38826,hit,1.0
229,39134,hit,1.0
230,39385,hit,1.0
231,39591,hit,1.0
232,39763,hit,1.0
233,39905,hit,1.0
234,40028,miss,0.0
235,40028,hit,0.0
236,40100,hit,1.0
237,40368,hit,1.0
238,40588,hit,1.0
239,40770,hit,1.0
240,40921,hit,1.0
241,41047,hit,1.0
242,41153,hit,1.0
243,41242,hit,1.0
244,41317,hit,1.0
245,41383,miss,0.0
246,41383,hit,0.0
247,41600,hit,1.0
248,41835,hit,1.0
249,42029,hit,1.0
250,42190,hit,1.0
251,42324,hit,1.0
252,42441,miss,0.0
253,42441,hit,0.0
254,42512,hit,1.0
255,42773,hit,1.0
256,42988,hit,1.0
257,43166,hit,1.0
258,43314,hit,1.0
259,43438,hit,1.0
260,43542,hit,1.0
261,43629,hit,1.0
262,43702,hit,1.0
263,43764,hit,1.0
264,43818,miss,0.0
265,43818,hit,0.0
266,44046,hit,1.0
267,44292,hit,1.0
268,44495,hit,1.0
269,44669,miss,0.0
270,44669,hit,0.0
271,44936,hit,1.0
272,45223,hit,1.0
273,45458,hit,1.0
274,45652,hit,1.0
275,45813,hit,1.0
276,45952,miss,0.0
277,45952,hit,0.0
278,46180,hit,1.0
279,46426,hit,1.0
280,46629,hit,1.0
281,46797,hit,1.0
282,46937,hit,1.0
283,47054,hit,1.0
284,47155,miss,0.0
285,47155,hit,0.0
286,47240,hit,1.0
287,47555,hit,1.0
288,47812,hit,1.0
289,48023,hit,1.0
290,48203,miss,0.0
291,48203,hit,0.0
292,48440,hit,1.0
293,48696,hit,1.0
294,48906,hit,1.0
295,49080,hit,1.0
296,49225,hit,1.0
297,49346,hit,1.0
298,49451,miss,0.0
299,49451,hit,0.0
300,49521,hit,1.0
301,49780,hit,1.0
302,49994,hit,1.0
303,50170,hit,1.0
304,50317,hit,1.0
305,50440,hit,1.0
306,50543,hit,1.0
307,50629,hit,1.0
308,50702,hit,1.0
309,50764,hit,1.0
310,50818,miss,0.0
311,50818,hit,0.0
312,51034,hit,1.0
313,51269,hit,1.0
314,51462,hit,1.0
315,51623,hit,1.0
316,51757,hit,1.0
317,51869,hit,1.0
318,51963,hit,1.0
319,52042,hit,1.0
320,52109,hit,1.0
321,52166,hit,1.0
322,52214,hit,1.0
323,52256,miss,0.0
324,52256,hit,0.0
325,52326,hit,1.0
326,52585,hit,1.0
327,52799,hit,1.0
328,52975,hit,1.0
329,53122,hit,1.0
330,53245,hit,1.0
331,53348,hit,1.0
332,53434,hit,1.0
333,53507,hit,1.0
334,53569,hit,1.0
335,53621,hit,1.0
336,53665,hit,1.0
337,53704,miss,0.0
338,53704,hit,0.0
339,53779,hit,1.0
340,54055,hit,1.0
341,54282,hit,1.0
342,54469,hit,1.0
343,54624,hit,1.0
344,54754,hit,1.0
345,54863,hit,1.0
346,54955,hit,1.0
347,55032,hit,1.0
348,55099,miss,0.0
349,55099,hit,0.0
350,55341,hit,1.0
351,55602,hit,1.0
352,55817,hit,1.0
353,55995,hit,1.0
354,56143,hit,1.0
355,56267,hit,1.0
356,56374,miss,0.0
357,56374,hit,0.0
358,56448,hit,1.0
359,56722,hit,1.0
360,56947,hit,1.0
361,57133,hit,1.0
362,57288,hit,1.0
363,57417,hit,1.0
364,57525,hit,1.0
365,57615,hit,1.0
366,57692,hit,1.0
367,57759,miss,0.0
368,57759,hit,0.0
369,57975,hit,1.0
370,58210,hit,1.0
371,58403,hit,1.0
372,58564,hit,1.0
373,58698,hit,1.0
374,58810,hit,1.0
375,58904,hit,1.0
376,58986,miss,0.0
377,58986,hit,0.0
378,59244,hit,1.0
379,59522,hit,1.0
380,59751,hit,1.0
381,59940,hit,1.0
382,60097,hit,1.0
383,60232,miss,0.0
384,60232,hit,0.0
385,60448,hit,1.0
386,60683,hit,1.0
387,60876,hit,1.0
388,61037,hit,1.0
389,61171,hit,1.0
390,61283,hit,1.0
391,61377,hit,1.0
392,61459,miss,0.0
393,61459,hit,0.0
394,61532,hit,1.0
395,61804,hit,1.0
396,62027,hit,1.0
397,62211,hit,1.0
398,62364,hit,1.0
399,62492,hit,1.0
400,62599,hit,1.0
401,62692,miss,0.0
402,62692,hit,0.0
403,62918,hit,1.0
404,63163,hit,1.0
405,63365,hit,1.0
406,63532,hit,1.0
407,63671,hit,1.0
408,63788,hit,1.0
409,63889,miss,0.0
410,63889,hit,0.0
411,63973,hit,1.0
412,64283,hit,1.0
413,64536,hit,1.0
414,64744,hit,1.0
415,64916,hit,1.0
416,65064,miss,0.0
417,65064,hit,0.0
418,65138,hit,1.0
419,65411,hit,1.0
420,65635,hit,1.0
421,65820,hit,1.0
422,65973,hit,1.0
423,66101,hit,1.0
424,66208,hit,1.0
425,66301,miss,0.0
426,66301,hit,0.0
427,66388,miss,0.0
428,66464,hit,1.0
429,66746,hit,1.0
430,66977,hit,1.0
431,67168,hit,1.0
432,67327,hit,1.0
433,67463,miss,0.0
434,67463,hit,0.0
435,67718,hit,1.0
436,67992,hit,1.0
437,68217,hit,1.0
438,68403,hit,1.0
439,68558,hit,1.0
440,68691,miss,0.0
441,68691,hit,0.0
442,68936,hit,1.0
443,69201,hit,1.0
444,69418,hit,1.0
445,69598,hit,1.0
446,69747,hit,1.0
447,69872,hit,1.0
448,69980,miss,0.0
449,69980,hit,0.0
450,70231,hit,1.0
451,70502,hit,1.0
452,70724,hit,1.0
453,70907,hit,1.0
454,71060,hit,1.0
455,71188,hit,1.0
456,71299,miss,0.0
457,71299,hit,0.0
458,71369,hit,1.0
459,71628,hit,1.0
460,71841,hit,1.0
461,72017,hit,1.0
462,72164,hit,1.0
463,72287,hit,1.0
464,72390,hit,1.0
465,72476,hit,1.0
466,72551,miss,0.0
467,72551,hit,0.0
468,72627,hit,1.0
469,72907,hit,1.0
470,73136,hit,1.0
471,73325,hit,1.0
472,73482,hit,1.0
473,73614,hit,1.0
474,73724,hit,1.0
475,73816,hit,1.0
476,73894,hit,1.0
477,73962,miss,0.0
478,73962,hit,0.0
479,74032,hit,1.0
480,74293,hit,1.0
481,74507,hit,1.0
482,74685,hit,1.0
483,74832,hit,1.0
484,74955,hit,1.0
485,75058,hit,1.0
486,75145,hit,1.0
487,75218,hit,1.0
488,75280,hit,1.0
489,75334,miss,0.0
490,75334,hit,0.0
491,75408,hit,1.0
492,75682,hit,1.0
493,75907,hit,1.0
494,76093,hit,1.0
495,76248,hit,1.0
496,76377,hit,1.0
497,76485,hit,1.0
498,76578,miss,0.0
499,76578,hit,0.0
500,76648,hit,1.0
501,76907,hit,1.0
502,77121,hit,1.0
503,77297,hit,1.0
504,77444,hit,1.0
505,77567,hit,1.0
506,77670,hit,1.0
507,77756,hit,1.0
508,77829,hit,1.0
509,77891,hit,1.0
510,77945,miss,0.0
511,77945,hit,0.0
512,78031,hit,1.0
513,78350,hit,1.0
514,78609,hit,1.0
515,78823,hit,1.0
516,79005,miss,0.0
517,79005,hit,0.0
518,79252,hit,1.0
519,79519,hit,1.0
520,79738,hit,1.0
521,79919,hit,1.0
522,80075,miss,0.0
523,80075,hit,0.0
524,80296,hit,1.0
525,80535,hit,1.0
526,80732,hit,1.0
527,80896,hit,1.0
528,81032,hit,1.0
529,81147,hit,1.0
530,81243,hit,1.0
531,81324,hit,1.0
532,81392,hit,1.0
533,81450,hit,1.0
534,81500,miss,0.0
535,81500,hit,0.0
536,81571,hit,1.0
537,81832,hit,1.0
538,82047,hit,1.0
539,82225,hit,1.0
540,82373,hit,1.0
541,82497,hit,1.0
542,82601,hit,1.0
543,82688,hit,1.0
544,82761,hit,1.0
545,82823,hit,1.0
546,82875,hit,1.0
547,82921,miss,0.0
548,82921,hit,0.0
549,83013,hit,1.0
550,83351,hit,1.0
551,83635,miss,0.0
552,83635,hit,0.0
553,83922,hit,1.0
554,84230,hit,1.0
555,84490,miss,0.0
556,84490,hit,0.0
557,84576,hit,1.0
558,84893,hit,1.0
559,85152,hit,1.0
560,85364,hit,1.0
561,85546,miss,0.0
562,85546,hit,0.0
563,85616,hit,1.0
564,85877,hit,1.0
565,86091,hit,1.0
566,86269,hit,1.0
567,86416,hit,1.0
568,86539,hit,1.0
569,86642,hit,1.0
570,86729,hit,1.0
571,86802,hit,1.0
572,86864,hit,1.0
573,86916,hit,1.0
574,86960,hit,1.0
575,86999,miss,0.0
576,86999,hit,0.0
577,87215,hit,1.0
578,87450,hit,1.0
579,87643,hit,1.0
580,87804,hit,1.0
581,87938,hit,1.0
582,88050,hit,1.0
583,88144,hit,1.0
584,88223,hit,1.0
585,88290,hit,1.0
586,88347,hit,1.0
587,88395,hit,1.0
588,88437,miss,0.0
589,88437,hit,0.0
590,88666,hit,1.0
591,88914,hit,1.0
592,89118,hit,1.0
593,89286,hit,1.0
594,89426,hit,1.0
595,89543,hit,1.0
596,89645,miss,0.0
597,89645,hit,0.0
598,89895,hit,1.0
599,90164,hit,1.0
600,90385,hit,1.0
601,90568,hit,1.0
602,90719,hit,1.0
603,90850,miss,0.0
604,90850,hit,0.0
605,91118,hit,1.0
606,91453,hit,1.0
607,92052,hit,1.0
